Customer,Contact First Name,Contact Last Name,Add. Line 1,City,State,Zip,Country
Colourmax / 541989 Ontario Limited,,,2419 Highcroft Road,Oakville,ON,L6M 4Y6,CA
1000 Islands PhotoArts Inc.,,,3 Moon Rd,Mallorytown,ON,K0E 1R0,CA
1000085582 ON INC./ Pizza Depot / Vaughan,,,9461 Jane St,Vaughan,ON,L6A 4J1,CA
1030983 Ontario Ltd.,,,11-12/ 199 Advance Blvd,Brampton,ON,L4Z 1S3,CA
1120423 Ontario Ltd.,,,15 Densley Avenue,Toronto,ON,M6M 2P5,CA
1397779 Ontario Inc.,,,100 Arbors Lane Unit A,Woodbridge,ON,L4L 7G4,CA
1622704 Ontario / Focused Impressions,,,1318 Pickwick Drive,Mississauga,ON,L5V 2J9,CA
1667616 Ontario Inc.,,,10-37 Kodiak Cres,Toronto,ON,M3J 3E5,CA
1776873 Ont Inc / Be Healthy magazine,,,"7250 Keele St, Unit 51",Concord,ON,L4K 1Z8,CA
180 Marketing,,,10-330 Vansickle Road,St. Catharines,ON,L2S 0B4,CA
1895502 Ontario Ltd.,,,361 The West Mall -1902,Toronto,ON,M9C 1E8,CA
1943608 Ontario Limited / City Pizza,,,Po Box 20024 Pioneer Park,Kitchner,ON,N2P 2B4,CA
1 Stop Inc.,,,4000 Chesswood Dr. Unit 3996,North York,ON,M3J 2W6,CA
1Stop Print,,,"6 Belsize Drive,",Toronto,ON,M4S 1L4,CA
2016030 Ontario Limited,,,"65 Cedar Creek Way,",Frankford,ON,K0K 2C0,CA
2020 Creative,,,2020 Highbury Street,Vancouver,BC,V6R 4N9,CA
2064504 Ontario Inc. O/A Attitude Comm.,,,401 Magentic Drive Unit 37,Toronto,ON,,CA
2140926 Ontario Inc  O/A Beauty Supply Outlet,,,17205 Leslie St.,Newmarket,ON,L3Y 8E4,CA
2156180 Ontario Inc./ Smart Care,,,5000 Dufferin St.,Toronto,ON,M3H 5T5,CA
2230509 ONT INC (JEFFHARDY.PRO),,,8161 Marcon Street,Niagara Falls,ON,L2H 3A9,CA
2235999 Ont Inc.,,,25 Peel Centre Driv,Brampton,ON,L6T 3R5,CA
2267426 Ontario INC. O/a Brars,,,2969 Bovaird Dr E. Unit 1,Brampton,ON,L6S 0C6,CA
2271412 Ontario Corporation,,,2010 Ellesmere Rd. - Unit 11,Toronto,ON,M1H 3B1,CA
2365562 Ontario Inc,,,"130 Westmore Drive, Unit 9",Etobicoke,ON,M9V 5E2,CA
241 Pizza 2006 Limited,,,77 Progress Ave,Toronto,ON,M1P 2Y7,CA
247 Integrated Inc.,,,115 Thorncliffe Park Drive,Toronto,ON,M4H 1M1,CA
2629433 Ontario Inc.,,,1265 queen st west,Toronto,ON,,CA
2767188 Ontario Inc./ Pizza Depot,,,2013 Lawrence Ave. W.,York,ON,M9N 1H4,CA
2816051 Ontario Inc. / Pizza Depot,,,1075 Ceremonial Drive,Mississauga,ON,L5R 2Z4,CA
2830273 Ontario Inc./Pizza Depot Thorold,,,3510 Schmon Pkwy.,Thorold,ON,L2V 4Y6,CA
2850547 Ontario Ltd.,,,"1554 Carling Avenue, suite 57",Ottawa,ON,K1Z 7M4,CA
2Beez Promotions,,,230 Elizabeth St.,Oshawa,ON,L1J 5S4,CA
365 Marketing Inc.,,,218 Bartley Bull Parkway,Brampton,ON,L6W 2K7,CA
3D Domed Labels Inc,,,487 Westney Road South Unit 17,Ajax,ON,L1S  6W8,CA
3i Labs Inc.,,,18 Hawthorne Dr.,Grimsby,ON,L3M 3W2,CA
3 M Signs,,,10 Starda Dr.,Woodbridge,ON,L4L 5W2,CA
4 C Digital,,,1160 Vanrose Street,Mississauga,ON,L5V 1L2,CA
5AAB TV INC.,,,2677 Drew Road,Mississauga,ON,L4T 3X1,CA
7676638 Canada Inc.,,,2400 Midland Ave.- Unit 203,SCARBOROUGH,ON,M1S 5C1,CA
7826486 Canada Inc. (All Business Copy & Prin,,,19-2555 Victoria Park Ave.,Toronto,ON,M1T 1A3,CA
7958706 canada inc.,,,2740 rue halpern,Ville Saint-Laurent,QC,H4S1R6,CA
8B Soloutions,,,33 West Beaver Creek Road,Richmond Hill,ON,L4B 1L8,CA
A1 Cash and Carry,,,6400 Kennedy Rd,Mississauga,ON,L5T 2Z5,CA
A1 Printing Inc.,,,843 Albion Road,Toronto,ON,M9V 1A3,CA
AAHLO Promotional,,,152 Festival Way,Binbrook,ON,L0R 1C0,CA
Abanico,,,1020 Kennedy Circle,Milton,ON,L9T 5S0,CA
A B C Engraving & Marketing Inc.,,,"116 Viceroy Road Bldg. D, Unit 8",Concord,ON,L4K 2M4,CA
ABC Printing,,,490 Mill Street,Kitchener,ON,N2G 2Y6,CA
A&B Digital Printing,,,210 Armstrong St. N,New Liskeard,ON,,CA
Aben Graphics Ltd.,,,92 Hanes Road,Huntsville,ON,P1H 2L5,CA
A Better Channel,,,4315 Major Mackenzie Dr.,Markham,ON,L6C 1K4,CA
Able Graphix,,,4801 Keele Street - Unit 36,Toronto,ON,M3J 3A4,CA
Able Printing,,,7156 Drummond Road,Niagra Falls,ON,L2G 4P6,CA
Above & Beyond Signs,,,1134 Queen Street West,Toronto,ON,M6J 1J3,CA
A & B Print,,,104-45 Meg Drive,London,ON,N6E 2V2,CA
Academy of Learning Career College,,,"1123 Albion Road, Suite 201",Etobicoke,ON,M9V 1A9,CA
Academy Of Learning (Toronto),,,1280 Finch Ave West,Toronto,ON,M3J 3K6,CA
Accord Custom Cabinet ltd.,,,"1680 St. James Street,",Winnipeg,MB,R3H 0L3,CA
Accent Group,,,16788 Highway No. 7,Perth,ON,K7H 3C8,CA
Accurate Ltd.,,,31A Commercial Road,Toronto,ON,M4G 1Z3,CA
Accurate Rolal Co. Ltd,,,40 Northline Rd.,Toronto,ON,,CA
Ace Print & Promo,,,323 Don Park Rd.,Markham,ON,L3R 1C2,CA
Acmedecal,,,60 Wildcat Road,Toronto,ON,M3J 2V4,CA
Macedonian Orthodox Church,,,87 Gledhill Crescent,Hamilton,ON,L9C 6H3,CA
acorn | print production,,,"928 Queen St West , Unit 51C",Mississauga,ON,L5H 4K5,CA
Acropolis Organics Olive Oil,,,Acropolis Organics Olive Oil,Toronto,ON,M4B 3E5,CA
Action Print Inc.,,,4987 King Street,Beamsville,ON,L0R 1B0,CA
Action Screen,,,71 Fincham Ave.,Markham,ON,L3P 4C9,CA
Acuprint,,,202 Northline Road,Fenelon Falls,ON,K0M 1N0,CA
Adams Engraving International Ltd.,,,"5690, boul. Thimens Blvd.",St-Laurent,QC,H4R 2K9,CA
A D'Aguilar P & D Services,,,37 Morningmist Street,Brampton,ON,L6R 2A6,CA
Adastra Media ( Kerrwil Publications ),,,538 Elizabeth Street,Midland,ON,L4R 2A3,CA
AD Creative Corp.,,,75 Shendale Drive,Etobicoke,ON,M9W 2B6,CA
Ad-Dictive Design & Promotion ltd,,,56 Barrie St.,Bradford,ON,L3Z 2B6,CA
Addvantage Promo Advertising,,,9 Winter Place,ST. JOHN'S,NL,A1B 1J5,CA
ADECOR BUSINESS SOLUTIONS,Adam,Nashman,13050 St. Albert,Edmonton,AB,T5L 4Y6,CA
Adeas Marketing Group,,,55 Canarvan Court,Brampton,ON,L6Y 4N1,CA
Adfactor Inc.,,,1079 College Street,Toronto,ON,M6H1B4,CA
AdFuel Media Inc.,,,"4-3659 Stanley Avenue,",Niagara Falls,ON,L2E 0A6,CA
Adorn Graphics & Printing Inc.,,,4141 Weston Road,Weston,ON,M9L 2S5,CA
Adspec Images,,,"5430 Timberlea Blvd, unit 2",Mississauga,ON,L4W 2T7,CA
Advanced Extraction Systems.,,,"25 Fourth Street, Suite 200-300",Charlottetown,PE,"C1E 2B4,",CA
Advanced Media Signs & Graphics,,,5 Sundel Ave.,Toronto,ON,M6M 3K2,CA
Advanced Out Put,,,10330 Young Street,Richmond Hill,ON,L4C 5N1,CA
Advanced Printing & Advertising Inc.,,,515 McNicoll Ave.,Toronto,ON,M2H 2C9,CA
Advantage Sales Group Canada Inc,,,116 Island Road,Toronto,ON,M1C 2P8,CA
Aero Sign & Print Inc.,,,4852 50 Ave NE,Calgary,AB,T3J 4L8,CA
Affichage Empreinte Verte,,,41 rue du Bois‚,Marieville,QC,J3M 1S6,CA
Aflex Industry Roofing,,,22 Chardonnay Drive,THORNHILL,ON,L4J 8RB,CA
Aican Graphics Inc.,,,"375 Admiral Blvd, unit 1,",Mississauga,ON,L5T 2N1,CA
Airbounce Amusement,,,2080 Speers Road,Oakville,ON,L6L 2X8,CA
Air Flow Sign Inc.,,,47 Lucy Ave.,Toronto,ON,M1L 1A1,CA
Airport United Services,,,,,ON,,CA
Alan Lee Hoy,,,51 Rota Cres.,Vaughan,ON,L4H 1K9,CA
Albany Packagaing Inc.,,,25 Tangiers Road,Toronto,ON,M3J 2B1,CA
Alden Print Management,,,70 Denison Street,Markham,ON,L3R 1B6,CA
Aiden Rad,,,8 Sampson Mews,North York,ON,M3C 0H5,CA
Alexandria Printing Services,,,402 Queen St. East,Toronto,ON,M5A 1T3,CA
Algoma Kinniwabi Travel Association,,,334 Bay Street,Sault Ste. Marie,ON,P6A 1X1,CA
Algoma Sno-Plan Affiliation,,,243 Causley St.,Blind River,ON,P0R 1B0,CA
Alicos Group,,,"3120 Glen Erin Dr., Unit #8",Mississauga,ON,L5L 1R6,CA
AlinO Ltd.,,,"25-26, 7676 Kimbel Street",Mississauga,ON,L5S1J8,CA
Alive ProStudios,,,126 Upper Post Road,Vaughan,ON,L6A 4J9,CA
Allegra Abbotsford,,,33425 Maclure Road # 101,Abbotsford,BC,V2S 0C4,CA
Allegra Burnby,,,"Unit 105, 8620 Glenlyon Parkway",Burnaby,BC,V5J 0B6,CA
ALLCARD,,,765 Boxwood Drive,Cambridge,ON,N3E 1A4,CA
Allen Print,,,"10 Morris Drive , Building B, Unit 1",Dartmouth,NS,B3B 1K8,CA
Allegra Hamilton,,,255 YORK BLVD.,HAMILTON,ON,L8R 1Y7,CA
ALL LABELS,,,"8620 Glenlyon Parkway, Unit 105",Burnaby,BC,V5J 0B6,CA
Address-All Mailing Services Limited,,,5696 Ambler Drive,Mississauga,ON,L4W 2K9,CA
Allair Media Group,,,241 Bay Street,Gravenhurst,ON,P1P 1H1,CA
Allegra Milton,,,"3-342 Bronte St., S.",Milton,ON,L9T 5B7,CA
Allegra Print & Imaging (Michael),,,255 Albert St.,Ottawa,ON,K1P 6A9,CA
Allegra Print & Imaging (Simon),,,99 Bank St. Suite G006,Ottawa,ON,K1P 6A9,CA
Alla Semenova,,,8916-9251 Yonge Street,Richmond Hill,ON,L4C 9T3,CA
Alliance Sign Solutions,,,7181 Yonge Street,Thornhill,SK,,CA
All Solutions Printing,,,"14 Northbrook Road,",Toronto,ON,M4J 4G1,CA
Allstate Printing & Graphics Inc.,,,"791 Paulison Ave, Unit # 3",Clifton,NJ,07011,US
All Star Envelopes 2213771 Ontario Inc.,,,8241 Keele St Unit # 15,Concord,ON,L4K 1Z5,CA
Alphatec Printing Co.,,,130 Don Park Road,Markham,ON,L3R 1C3,CA
Alpine Ski Club,,,17-242 Arrowhead Road,Blue Mountains,ON,L9Y 0S1,CA
Alta Copy & Print,,,12-3850 Steeles Ave W,Woodbridge,ON,L4L 4Y6,CA
Altomedia Inc.,,,99 Professor's Lake Parkway,Brampton,ON,L6S 4P8,CA
Altocan Services Corp.,,,1B-2760 Derry Rd West,Mississauga,ON,L5N 3N5,CA
Ambx Energy Inc.,,,3761 Victoria Park Ave.,Markham,ON,M1W 3S3,CA
Amba Media Inc.,,,1060 Caven St. Ste.,1414 MISSISSAUGA,ON,L5G 4J5,CA
AM Coffee Shack Inc,,,1-4646 Heritage Hills Blvd.,Mississauga,ON,L5R 1Y3,CA
American Graphic Solutions,,,222 River Avenue,Lakewood,NJ,08701,US
Ampersand Printing,,,999 York Road,Guelph,ON,N1E 6Y9,CA
AM Print Media Inc.,,,118 MacTaggart Drive,Nobleton,ON,L0G 1N0,CA
Amritpal Singh,,,22 Woodcreek Drive,Brampton,ON,L6Z4V5,CA
Amrit Singh,,,14 Spruce Lands,Brampton,ON,L6R 1M5,CA
ANA FRENDO,,,2228 Foxfield Road,Oakville,ON,L6M 4S2,CA
Andrews Direct Marketing,,,180 Industrial Pkwy North,Aurora,ON,L4G 4C3,CA
Andora Graphics Inc.,,,"213 Sterling Road, Suite 108A",Toronto,ON,M6R 2B2,CA
Andrea Morreale,,,297 Hemlock Ave,Stoneycreek,ON,,CA
Andrew Thomas Armelim,,,86-1250 Mississauga Valley Blvd,Mississauga,ON,L5A 3R6,CA
A Needle Pulling Thread,,,219 Savage Road,Newmarket,ON,L3X 1R7,CA
Angela Caira,,,48 Adams Street,Bradford,ON,L3Z 3E4,CA
Angel Pet Supplies Inc.,,,115 Limestone Cres.,North York,ON,M3J 2R1,CA
Anna Art Publishing Inc.,,,"399 Four Valley Drive, Unit 12",Concord,ON,L4K 5Y7,CA
Annex Business Media Inc.,,,105 Donly Drive South,Simcoe,ON,N3Y 4N5,CA
Annex Graphics,,,2496 Capilano Cres.,Oakville,ON,L6H 6L4,CA
Anne Lizotte Communications,,,4017 rue Champlain St.,Bourget,ON,K0A 1E0,CA
ANS GRAPHICS,,,,,ON,,CA
AOM PRINT,,,Unit F 3289 Lenworth Drive,Mississauga,ON,L4X2H1,CA
A One Graphics & Marketing,,,78 Forecastele Road,Concord,ON,L4K 5J1,CA
AP Data Products,,,206-6705 Tomken Road,Mississauga,ON,L5T 2J6,CA
Apple Cado,,,"746 Warden Avenue, Units  5 & 6",Toronto,ON,M1L 4A2,CA
Apps Digital,,,39 Robideau PL,Whitby,ON,L1R 3G6,CA
Application Processing Services,,,312 Dolomite Dr #202,North York,ON,M3J 2N2,CA
Appletree Printing,,,"7370 Bramalea Road , Unit 30",Mississauga,ON,L5S 1N6,CA
APS Marketing Group,,,3016 Ave. L,Brooklyn,NY,11210,US
Archon Design+ Communication,,,"57 Craigleigh Cres.,",Brampton,ON,L6T 2E3,CA
Archangel,,,551 Aberdeen Ave,Hamilton,ON,,CA
Arcade Press 2008.,,,"388 Carlaw Ave., # 201",Toronto,ON,M4M 2T4,CA
Art Gallery of Greater Victoria,,,1040 Moss Street,Victoria,BC,V8V 4P1,CA
Argo Shoes & Medical Supplies,,,7071 Yonge Street,Markham,ON,L3T 2A6,CA
Arista Homes,,,600 Applewood Crescent,Vaughan,ON,L4K 4B4,CA
"ARK Creative Solutions, LLC",,,282 Main Street,Salem,NH,03079,US
Arm Associates Management,,,1 Mapleview Drive,Parry Sound,ON,P2A 1P8,CA
Arrooke Print Services,,,4346 Henry Ave.,Beamsville,ON,L0R 1B6,CA
Artbeat,,,299 Central Ave.,London,ON,N6A 3R3,CA
Artistique Carte Design Studio,,,20 Hanlan Road,Vaughan,ON,L4L 3P6,CA
Art Dimension Inc.,,,1122 Finch Ave. W,Toronto,ON,M3J 3J4,CA
Arta Gallery (The Distillery District),,,#14 Distillery Lane,Toronto,ON,M5A 3C4,CA
Artistic Signs & Graphics,,,#86 - 556 Edward Ave.,Richmond Hill,ON,L4C 9Y5,CA
Artmetal Promotional Products,,,214 Dolomite Dr.,Toronto,ON,M3J 2N2,CA
Art Sign Printing,,,7581 Jone St. Unit # 202C,Vaughan,ON,L4K 1X3,CA
Art Smart Digital Printing,,,9-81 Zenway Blvd.,Vaughan,ON,L4H 0S5,CA
Art Spin,,,113 Beaconsfield Ave.,Toronto,ON,M6J 3J5,CA
Artman Studio,,,"39 Bassett Ave,",Richmond Hill,ON,L4B 4J9,CA
Art Tonite Limited,,,"25 Hollinger Road, Unit #3",Toronto,ON,M4B 3N4,CA
"ARX, Accurate RX Specialty Pharmacy Corp.",,,85-48 118th Street,Kew Gardens,NY,11415,US
ASAP Print Management,,,215 Terence Matthews Cresent,Kanata,ON,K2M 1X5,CA
Ascension Printworks Inc.,,,299 Mill Road,Toronto,ON,M9C 4V9,CA
Ashley HomeStore,,,"707 st. Lawrence street,",Prescott,ON,K0E 1T0,CA
Asimco Art Publishers Inc.,,,557 Oakwood Drive,Pickering,ON,L1W 2M8,CA
Aspire Group NA Ltd.,,,498 Markland St. Unit 1,Markham Ontario,ON,L6C IZ6,CA
Aspect Retail Logistics Inc.,,,1400 Church Street,Pickering,ON,L1W 4C1,CA
Assure Media,,,78 Cobblehill Cres.,Brampton,ON,L6P 2M3,CA
Astley Gilbert Limited,,,"42 Carnforth Road,",Toronto,ON,M4A 2K7,CA
Atex Impression Creative Printing,,,6800 Cotedeliesse,Montreal,QC,H4T 2A7,CA
Atlantic Digital Reproductions,,,77 Burbridge Ave.,Dartmouth,NS,B3B 0G6,CA
Atomic Print Solutions,,,86 West Street,Brampton,ON,L6X 1W2,CA
Bio Healing Therapy Industries  Inc.,,,485 Millway Ave,Concord,ON,L4K  3V4,CA
Attitude Communications,,,144 Martin Ross Ave.,Toronto,ON,M3J 2L4,CA
Atticus Wolf Creative,,,430-1001 Roselawn Ave,Toronto,ON,M6B 4M4,CA
A Turgeon Lettrage Inc.,,,6 Rue Albert  Deblis,SaintAnselme,QC,G0R 2N0,CA
Aurora Cultural Centre,,,"22 Church Street,",Aurora,ON,L4G 1G4,CA
Austin Graphics Inc.,,,1198 2nd Avenue East,Owen Sound,ON,N4K 2H9,CA
Aussie Graphics,,,718 Gordon Baker Road,Toronto,ON,M2H 3B4,CA
Avant Imaging & Integrated Media Inc.,,,1170 Birchmount Road,Scarborough,ON,M1P 5E3,CA
A & V Digital And Offset Printing,,,"2600 John Street,",Markham,ON,L3R 3W3,CA
Avenue 4 Communications,,,3419 des Castors,Laval,QC,H7P 5W8,CA
Avenue Industrial Supply Co. Ltd.,,,35 Staples Ave.,Richmond Hill,ON,L4B 4W6,CA
Avenue Offset Printers,,,509 Champagne Drive,Toronto,ON,M3J 2C6,CA
Avenues Today Inc.,,,20 Field Sparrow  Road,Brampton,ON,L6R 1Y2,CA
Avitan Graphics,,,1085 Steeles Ave W unit 304,Toronto,ON,M2R 2T1,CA
Avida Healthwear Inc.,,,87 Northline,East York,ON,M4B 3E9,CA
Axe Media Group,,,"10-8707 Dufferin St, Suite 328",Vaughan,ON,L4J 0A6,CA
Axess Print Inc.,,,1700 Midland Ave. # 2,Scarborough,ON,M1P 3C2,CA
Baby's Outlet Inc./ Hardwood Flooring Outlet,,,2 Steinway Blvd. unit # 12,Toronto,ON,M9W 6J8,CA
Backshop Creative Works,,,14785 Mount Pleasant Road,Caledon,ON,L7E 3N1,CA
Baguette Jewelry,,,#278 - 7181 Yonge St.,Markham,ON,L3T 0C7,CA
Ballymore Homes,,,12840 Yonge St. Suite 200,Richmond Hill,ON,L4E 4H1,CA
Balsam Promotions,,,"1135 Ringwell Dr,",Newmarket,ON,L3Y 8T8,CA
Bann Business Solutions,,,"260 Wentworth Avenue East, Suite #1",West Saint Paul,MN,55118,US
Banwait Services,,,181 Rosana Crs,Maple,ON,L6A 3E2,CA
Baniner Studios,,,457 Dundas Street,Woodstock,ON,N4S 1C2,CA
Barker Print Solutions,,,197 Arichat Rd,Oakville,ON,L6J 5N5,CA
Barrie Press,,,31 Hamilton Road,Barrie,ON,L4N 8Y6,CA
Bath Emporium & Castle Kitchens,,,"5 Shields Court, Unit 100",Markham,ON,L3R 0G3,CA
BayStar Printing Powered By Proforma,,,110 Walker Street,Angleton,TX,77515,US
Total Sports Integrated Media,,,75 River Road,Napanee,ON,K7R 3H3,CA
BC 24 Print Corporation,,,2 Steeles Ave. West.,Thornhill,ON,L4G 1A1,CA
Cardio Study Inc.,,,"411 Confederation Parkway, Suite 22",Concord,ON,L4K 0A8,CA
BCG Design,,,3 Burnside Bridge Road,McDougall,ON,,CA
BC Hughes & Associates,,,738501 Girl Guide Road,Shallow Lake,ON,N0H 2K0,CA
BC Print,,,"66 Commodore Drive,",Brampton,ON,L6X 0S6,CA
BCS Group,,,247 King Street East,Cobourg,ON,K9A 1L7,CA
Beaches Jazz. JCO Communications Inc.,,,"1235 Bay Street, Suite 400",Toronto,ON,M5R 3K4,CA
Beaver Creek Printing,,,2650 John Street # 5,Markham,ON,L3R 2W6,CA
Beach Graphics,,,450 Lake Front,Toronto,ON,M5E 1A8,CA
Beaches Living Guide,,,2255 B Queen Street East,Toronto,ON,M4E 1G3,CA
Bearing Marketing Communications Ltd.,,,"2320 Tedlo Street, Unit 7",Mississauga,ON,L5A 4A2,CA
Beaumont & Co.,,,"60 Raddall Ave, #9",Dartmouth,NS,B3B 1T2,CA
Beech Brothers Ltd.,,,23 Canmotor Avenue,Toronto,ON,M8Z 4E6,CA
Be Healthy Magazine English,,,"28 William Carson Crest., Unit 108",Toronto,ON,M2P 2H1,CA
Beloin Graphique Inc.,,,"2785 , Rue Pierre-de-Froment St.",Carignan,QC,J3L 0L4,CA
Belanger Lambeau & Associates,,,55 Appalachian Road,Maple,ON,L6A 2V9,CA
Bel Marra Nutritionals,,,360A Brock Ave,Toronto,ON,M6 H3N3,CA
Avi Ben-Ezra,,,7 Bentoak Cres,Thornhill,ON,L4J 8S5,CA
Ben Johnston,,,,,ON,,CA
Bermuda Press Ltd.,,,13 Addendum Lane,Pembroke,,HM 07,BM
BerGlatt Printing,,,75 Shaftsbury Ave,Richmond Hill,ON,L4C 0R3,CA
Bertie Printers Ltd.,,,"483 Eastchester Avenue East, Unit A",St. Catharines,ON,L2M 6S2,CA
Best Advertising Co.,,,59 Dukinfield Cres.,North York,ON,M3A 2R9,CA
Bestwebpro Design Studio,,,1145 Dream Crest Road,Mississauga,ON,L5V 1N6,CA
Best Made Toys International Inc.,,,120 St. Regis Cres. North,Toronto,ON,M3J 1Z3,CA
Best Way Flyers Inc.,,,10 Elles Street,Richmond Hill,ON,L4E 1G3,CA
Better Pets Inc.,,,11 Buttermill Ave,Concord,ON,L4K 3X1,CA
Bharuchi Transport,,,,,ON,,CA
Bienvenu Communications Graphiques Inc,,,2105 RUE ST-CESAIRE,MARIEVILLE,QC,J3M 1E5,CA
Big Bark Graphics,,,"68 Healey Rd, Units 1 & 2",Bolton,ON,L7E 5A4,CA
Big Fish Graphics,,,6 Anne Walk - Unit 2,Elliot Lake,ON,P5A 1Z4,CA
Biznet Print,,,1590 Matheson Blvd. Unit #,Mississauga,ON,L4W 1J1,CA
BizPrint1.com (Winc Inc.),,,3 Maverick Cres,Brampton,ON,L5S 1V9,CA
Biz Worx Communications Group,,,172 Song Meadoway,Toronto,ON,M2H 2T7,CA
BKL Design Group Inc.,,,206 Forestbrook Street,Kanata,ON,K2K 0A7,CA
Black and Light Designs,,,55 Maple Valley St.,Brampton,ON,L6P 2H3,CA
Black Hills State University,,,"1200 University Street,Unit 9502",Spearfish,SD,57799,US
Black Idea Inc.,,,675 Cochrane Drive East Tower,Toronto,ON,L3R 0B8,CA
Black Line Multimedia,,,368 Lauder Avenue,Toronto,ON,M6E 3H8,CA
BLAM Marketing,,,56 West Park Drive,Bradford,ON,L3Z0A7,CA
BLANCHARD LITHO,,,3  Connolly,Sherbrooke,QC,J1M 1LB,CA
Black Tie Productions,,,Post Box # 14527,Cincinnati,OH,45250,US
B Legg Graphics,,,8 Woodway Trail,Toronto,ON,M8Y 2B8,CA
Blenheim Ink,,,503 - 5340 Lakeshore Road,Burlington,ON,L7L 7A8,CA
Blenheim Publishers,,,62 Talbot STreet,Blenheim,ON,N0P1A0,CA
Blitz Print House,,,"101 Richmond Street East, 1st Floor",Toronto,ON,M5C 1N9,CA
Blow Fish Creative,,,1186 Woodbine Ave,Toronto,ON,M4C 4E2,CA
BlueWater Business Promotions,,,"490 Dominion Ave, suite 203",Midland,ON,L4R 1P6,CA
Blue Cardinal Media & Design,,,3055 Dundas St W #3,Mississauga,ON,L5L 3R8,CA
Bluecosmetics.Ca,,,50 Alness Street,Toronto,ON,M3J 2G9,CA
Blueman Design & Photography,,,384 Tollendal Mill Rd.,Barrie,ON,L4N 7T1,CA
Blue Monster Creative,,,557 George St,Sarnia,ON,N7T 4R1,CA
Bluesky Graphics,,,516 Champagne Drive,North York,ON,M3J 2T9,CA
Blue Mountain Wallcoverings,,,15 Akron Road,Toronto,ON,M8W 1T3,CA
Bluefish Printing & Marketing,,,"37 Gallerial Parkway, Suite 1012",Thornhill,ON,L3T 0A5,CA
BMCC Printing and Promotions,,,620 Washington Dr,Centerport,NY,11721,US
BMS Graphics,,,21 Bradstone Square,Scarborough,ON,M1B 1W1,CA
Bobley Harmann Corporation,,,"95 Hooper Street,",Westbury,NY,11590,US
Boco Canada,,,527-5 Marine Parade Drive,Toronto,ON,M8V 4B4,CA
Bold Magazine,,,77 Bloor St. West - 1200,Toronto,ON,M5S1M2,CA
BOST Group,,,24 Executive Place,Kitcehner,ON,N2P 2N4,CA
Boss Image Inc.,,,"1554 Carling Ave Unit 83,",Ottawa,ON,K1Z 7M4,CA
Bottom Line Marketing Group,,,2076 Flatbush Ave,Marine Park,NY,11234,US
Boxwood Graphics,,,167 Dolomite Drive,Toronto,ON,M3J 2N1,CA
BP Printing Group,,,315 Fourth St.,Lakewood,NJ,08701,US
Brofort Print Solutions,,,1500 Creditstone Road,Concord,ON,L4K 5V6,CA
Brash Avenues Inc.,,,4129 Harvester Road,Burlington,ON,L7L 5M3,CA
Brand City,,,228 Luca Ave.,Maple,ON,L6A 0X3,CA
Bradfordbrown Design,,,167 Thomas Phillips Drive,Aurora,ON,L4G 0X9,CA
Brampton East PLA,,,3 Rosegarden Drive,Brampton,ON,,CA
Brar's - Food Culture Of India,,,#11/12 - 199 Advance Blvd.,Brampton,ON,L6T 4N2,CA
Bradley Marketing,,,170 Wilbur Place  Suite 700,Bohemia,NY,11716,US
8706387 CANADA INC.,,,925 Avenue Beaumont,Montreal,QC,H3N 1W2,CA
Branded Marketing & Promo Inc.,,,6725 Millcreek Dr Unit 7,Mississauga,ON,L5N 5V3,CA
Brampton Seventh Day Advenist,,,37 Millstone Dr.,Brampton,ON,L6Y 4G1,CA
Brar's Trinity Ltd,,,126 -140 Great Lakes Dr,Brampton,ON,,CA
Brand Wise Inc.,,,"675 Cochrane Drive East Tower, 6th",Markham,ON,L3R 0B8,CA
Brent Bourne,,,600 Suffolk Court,Mississauga,ON,L5R 4G4,CA
Breeze Marketing & Communications Inc.,,,5048 Dundas St. West,Etobicoke,ON,M9A 1B9,CA
Brewery Merch,,,51 Benson Dr,Barrie,ON,L4N 7Y1,CA
Breakaway Press,,,"9620 Topanga Canyon Place, Unit A",Chatsworth,CA,91311,US
Bridal Confidential Ltd,,,Box 787,BRIGHTS GROVE,ON,N0N 1C0,CA
Bridge Fulfillment Inc.,,,"445 Park Ave, Suite 204",Brooklyn,NY,11205,US
Britannia Printing Inc.,,,992 Dillingham Road,Pickering,ON,L1W 1Z6,CA
Brightpics School Photography,,,50 Galaxy Boulevard Unit #8,Toronto,ON,M9W 4Y5,CA
Broadway,,,120 Shelborne Ave.,Toronto,ON,M6B 2M7,CA
Brockville Copy Shop,,,150 Perth Street,Brockville,ON,K6V 5E5,CA
Brothers Printing & Design Inc.,,,7150 Tobram Road,Mississauga,ON,L4T 3Z8,CA
Brock University Printing & Digital Services,,,1812 Sir Isaac Brock Way,St. Catharines,ON,L2S 3A1,CA
Broadway Printers Ltd.,,,# 8 Welsh Court,Thornhill,ON,L3T 5R3,CA
BRTB Canada,,,45 Riviera Drive Unit 4,Markham,ON,L3R 5J6,CA
Bruce Peninsula Tourist Association,,,2928 Highway 6,LIONS HEAD,ON,N0H 1W0,CA
BSA Group International Inc.,,,53 Observatory Lane,Richmond Hill,ON,L4C 8K9,CA
B -Tek Packaging,,,"180 Jardin Drive, Unit 5",Concord,ON,L4K 1X8,CA
Buchanan Associates,,,"8036 Hollen Road, R3",Moorefield,ON,N0G 2K0,CA
Budget Media Direct,,,9 Foreht Cres.,Aurora,ON,L4G 3E7,CA
Budget Printers & Embroiderers,,,1718 Park Street,Hartford,CT,06106,US
Buffalo Group,,,160 Derry Road East,Mississauga,ON,L5T 2Y5,CA
Bulldog Trading Inc.,,,50 Ritin lane Unit 24,Concord,ON,L4K 4C9,CA
Bureau En Gros (# 246)  Quebec,,,1400 Cyrille Duquet,Quebec,QC,G1N 3Y3,CA
Burlington Business Forms,,,208-2289 Fairview Street,Burlington,ON,,CA
Burke Printing,,,457 Advance Ave,Napanee,ON,K7R 3Z5,CA
Business Edge International,,,1678 Clark Boulevard,Milton,ON,L9T 5Z5,CA
Business Link Media Group,,,"200-36 Hiscott St.,",St. Catherines,ON,L2R 1C8,CA
Business Print,,,14 - 580 Steven Court,Newmarket,ON,L3Y 6Z2,CA
Buyer's Adviser,,,"1611-33 Fennell Ave. E ,",Hamilton,ON,L9A 1R6,CA
By Design Graphics,,,6951 Derry Road Bldg. 2,Milton,ON,L9T 7W4,CA
BySahar,,,"#2304, 28 Linden St.,",Toronto,ON,M4Y 0A4,CA
Cabas Design Studio,,,401 Alden Road,Markham,ON,L3R 4N4,CA
C.A.G Canada,,,4863 Hwy. 7,Woodbridge,ON,L4L 1S9,CA
Calendar Marketing (Promotions)  Inc.,,,3266 Yonge St.,Toronto,ON,M4N 3P6,CA
Camplus Graphics,,,"28 Reddington Drive, Unit 3",Caledon,ON,L7E 0E4,CA
Campbell McGregor Garant Publishing Inc,,,318-5060 Tecumseh Road East,Windsor,ON,N8T 1C1,CA
Cambridge University Press,,,100 Brookhill Drive,Nyack,NY,10994,US
Canadian Business  Forms,,,609-2319 Fairview Street,Burlington,ON,L7R 2E3,CA
Canadian Council of the Blind,,,"20 James St., Suite 100",Ottawa,ON,K2P 0T6,CA
Canadian Printco Limited,,,1370 Birchmount Rd.,Toronto,ON,M1P 2E3,CA
Canarctic Graphics,,,P.O Box 2758,Yellowknife,NT,X1A 2R1,CA
Canadas-Printer.Com Inc.,,,Contract Division 43 Teal Ave.,Stoney Creek,ON,L8E 3B1,CA
CanRad Beauty Limited,,,125 Norfinch Dr,North York,ON,M3N 1W8,CA
Canada Business Printing Program,,,"55 Village Centre Pl,",Mississauga,ON,L4Z 1V9,CA
Canadian Choice Windows & Doors,,,Head Office & Showroom,Concord,ON,L4K 2L7,CA
Canada classic Interlocking,,,360 Rayette Road,Concord,ON,L4K 2G5,CA
Canmark Communications,,,217 Manitoba Street,Stouffville,ON,L4A 4Y4,CA
Cankopy Document Solutions,,,"1 City Centre Drive, Suite 120,",Mississauga,ON,L5B 1M2,CA
"Advocis, The Financial Advisors Assoc. of Can",,,"10 Lower Spadina Ave, Suite 600",Toronto,ON,M5V 2Z2,CA
Canadian Gateway,,,7851 Dufferin Street,Thornhill,ON,L4J 3M4,CA
Canfinse Group Inc.,,,5000 Dufferin Street,Toronto,ON,M3H 5T5,CA
Caniran Printing Ltd,,,6125 Young Street,Toronto,ON,M2M 3W8,CA
Rive Gauche Media Inc.,,,"920 Yonge Street, Suite 610",Toronto,ON,M4W 3C7,CA
Cankopy Document Solutions,,,"50 Burnhamthorpe Rd. West, Suite 10",Mississauga,ON,L5B 3C2,CA
Canadian Lemkos Association,,,250 The East Mall,Toronto,ON,M9B 3Y0,CA
Canmark Printing Solutions Inc.,,,590 McLevin Ave.,Scarborough,ON,M1B 4B7,CA
CanIndia News,,,478 Dundas Street West,Oakville,ON,L6H 7L8,CA
Canada Papers,,,386 Watline Ave,Mississauga,ON,L4Z 1X2,CA
Canadian Printing Resources Inc.,,,230 Eddystone Avenue,Toronto,ON,M3N 1H7,CA
Cansel,,,"3526 26th Street NE,",Calgary,AB,T1Y 4T7,CA
Canada Solo Media Inc.,,,461 Esna Park Drive Unit 9,Markham,ON,L3R 1H8,CA
Canadian Spirit Inc.,,,"5430 Timberlea Blvd, unit 2",Mississauga,ON,L4W 2T7,CA
Canadian Stucco,,,130 Lepage Court,Toronto,ON,M3J 3J1,CA
Canadian Tire Motorsport Park,,,3233 Concession Rd. #10,Bowmanville,ON,L1C 3K6,CA
Canarus Trading Inc.,,,207-1183 Finch Ave West,Toronto,ON,M3J 2G2,CA
CanWeb Printing Inc.,,,185 South Service Road West,Grimsby,ON,L3M 4H6,CA
Canadian Young Scientist Journal,,,5863 Leslie St,Toronto,ON,M2H 1J8,CA
Canada Youth Challange,,,1-125 Clarence Biesenthal Dr.,Oshawa,ON,L1K 2H5,CA
Captain Canuck Inc.,,,109 Royal Oak Drive,Welland,ON,L3C 5W2,CA
Capital Colour Graphics,,,314 Neptune Crescent,London,ON,N6M 1A1,CA
"Capital Equipment Solutions, Inc.",,,1900 E. Golf Rd. Ste 950,Schaumburg,IL,60173,US
Captain Printworks,,,"220 Viceroy Road, Unit 6 and 7",Vaughan,ON,L4K 3C2,CA
Cardinal e-Quality Ltd.,,,"675 Queen Street South, Unit 214",Kitchener,ON,N2M 1A1,CA
Cargo Partners Network Inc.,,,"6365 Northwest Drive,",Mississauga,ON,L4V 1J8,CA
Carlo Porte,,,37 Martina Crescent,Woodbridge,ON,L4H 0B9,CA
Carousel Promotions Group Inc.,,,1608 Middleton Street,Pickering,ON,L1X 2L3,CA
Cardio Study,,,"411 Confederation Parkway, Suite 22",Concord,ON,L4K 0A8,CA
Carle Ventures Inc. / Carle Publishing Inc.,,,60 Shayla Ct.,Fredericton,NB,E3G 0N3,CA
Cascade Printing,,,10- 2219 35Th Ave.Ne,CALGARY,AB,T2E 6W3,CA
Casa Mobilio,,,"1190 Caledonia Rd,",North York,ON,M6A 2W5,CA
Casa Printing,,,37 Ashburn Cres,Woodbridge,ON,L4L 1G8,CA
Cascades Recovery Inc.,,,66 Shorncliffe Road,Toronto,ON,M8Z 5K1,CA
Cavaliere Printing Ltd,,,"1273 St. Clair Ave., West",Toronto,ON,M6E 1B8,CA
CBATS,,,"115 Woodstream Blvd, Unit #12",Woodbridge,ON,L4L 8K5,CA
C.B.Dance Academy,,,91 Granada Crescent,Toronto,ON,M1B 2H6,CA
CBF,,,9288 Jac Cate Road,Ooltewah,TN,37363,US
C.Caswell & Associates Inc.,,,55 Silver Trail,Barrie,ON,L4N 3K2,CA
CCG - Corporate & Commercial Graphics,,,32-3901 Don Mills Road,Toronto,ON,M2H 2S7,CA
C & C Leben Solutions,,,145 Royal Crest Court,Markham,ON,L3R 9Z4,CA
C. Digital Design Inc.,,,64 Greencroft Cres,Unionville,ON,L3R 3Y5,CA
C&D Print Services,,,28 Stillwater Crescent,Waterdown,ON,L8B 1V6,CA
CEB Design,,,321 Senlac Road,North York,ON,M2R 1R2,CA
CELESTIAL PRINT,,,211 SILVER STAR BLVD,TORONTO,ON,M1V 0A9,CA
Central Printers,,,1475 Hwy. 69N - Unit 1,Val Caron,ON,P3N 1M7,CA
Central Sales Limited,,,1-14 Regan Road,Brampton,ON,L7A 1B9,CA
CENTAUR GRAPHICS LLC.,,,1301 W. 7th. St Unit 1201,Frederick,MD,21702,US
Centra Web Reproductions Inc.,,,80 Knox Ave,Toronto,ON,M4L 2N9,CA
Charles Printing Company Ltd.,,,55 Healey Road,Bolton,ON,L7E 5A2,CA
Chil Consulting,,,7095 Line 21,Staffa,ON,N0K 1Y0,CA
Chimps Imports,,,4 Sablow Drive,Lakewood,NV,08701,US
CHLOE MEDIA INC.(CHOLE MAGAZINE),,,PO BOX 106,King City,ON,L7B 1A4,CA
Chromalogic Group Inc.,,,40 West Wilmot Street,Richmond Hill,ON,L4B 1H8,CA
Chromacorp Inc.,,,40 West Wilmot St,Richmond Hill,ON,L4B 1H8,CA
9735356 Canada Inc. o/a Chrome Magazine,,,"1582 Bank Street, Unit # 3",Ottawa,ON,K1N 7A2,CA
Chromograf Inc.,,,1324 Drouillard Rd.,Windsor,ON,N8Y 2R7,CA
Chrome Print Solutions Limited,,,1033 Davie St. Unit 608,Vancouver,BC,V6E 1M7,CA
Cinch Graphic and Web Design,,,4875 Boundary Road,Harrowsmith,ON,K0H 1V0,CA
City Of Sault Ste. Marie,,,90 Foster Drive,Sault Ste. Marie,ON,P6A 5X6,CA
City Of Brampton,,,2 Wellington Street West  Attn: Jef,Brampton,ON,L6Y 4R2,CA
City of Burlington - Digital Copy Centre,,,426 Brant Street,Burlington,ON,L7R 3Z6,CA
City Of Kingston,,,216 Ontario St.,Kingston,ON,K7L 2Z3,CA
City of Mississauga,,,300 City center Drive,Mississauga,ON,L5B 3C1,CA
City Of Thunder Bay,,,53 South Water StreetPool 6 Lands,THUNDERBAY,ON,P7B 0B1,CA
City of Markham (Flato Markham Theatre),,,171 Town Centre Boulevard,Markham,ON,L3R 8G5,CA
City of Ottawa - Elections Ottawa,,,"1221 Cyrville Rd, Unit B",Ottawa,ON,K1J 7S8,CA
City Press Inc.,,,1800 Barton St. East,Hamilton,ON,L8H 2Y6,CA
City Of St. Catharines,,,50 Church Street P.O.Box 3012,St. Catharines,ON,L2R 7C2,CA
City Of Peterborough,,,500 George St N,Peterborough,ON,K9H 3R9,CA
City of Timmins - Tourism Timmins,,,220 Algonquin Blvd East,Timmins,ON,P4N 1B3,CA
City Of Toronto,,,"55 John St. 14th Floor, Metro Hall",Toronto,ON,M5V 3C6,CA
Civilization Graphics Ltd.,,,116 Main St. South,Brampton,ON,L6W 2Z8,CA
Civic Staffing solution,,,1280 Finch Ave. W Suite 602,Toronto,ON,M3J 3K6,CA
CJC Graphic Management Inc.,,,31 Rosebough Street,Dundas,ON,L9H 5C6,CA
CJ Design & Printing,,,544 3Rd Line Road,Hagersville,ON,N0A 1H0,CA
"Classic Color Graphics, Inc.",,,268 North Broadway,Hicksville,NY,11801,US
Clairville Gospel Hall Inc.,,,54 Kilmuir Gate,Woodbridge,ON,L4L 3L9,CA
"Classic Graphics , LLC",,,1000 Valley Park Drive,Shakopee,MN,55379,US
Clark's Printing Co. Inc.,,,4744 Telephone Rd. Ste3-284,Ventura,CA,93003,US
Clever Digital Marketing,,,665 Millway Ave.,Concord,ON,L4K 3T8,CA
Clear Flo Plumbing Ser. Inc.,,,10520 Young St.,Richmond Hill,ON,L4C 3C7,CA
Clive Lewis .Com,,,7 Preston Street,Guelph,ON,N1H 3B9,CA
Clifford Takeout,,,"29 Elora St N,",Clifford,ON,N0G 1M0,CA
C&L Speciality Maps,,,76 Steward Blvd.,Brockville,ON,K6V 4W1,CA
CMG Communications,,,5500 North Service Road Suite 905,Burlington,ON,L7L 6W6,CA
Coastal Impressions,,,3022 S. Croatan Hwy,Nags Head,NC,27959,US
Cobra Doors 2000 Ltd.,,,25 Doney Crescent,Vaughan,ON,L4K 1P6,CA
Cober Printing Ltd.,,,1351 Strasburg Road,Kitchener,ON,N2R 1H2,CA
Code Communications,,,2708 Coventry Road,Oakville,ON,L6H 6R1,CA
Cofax Printing,,,2708 Coventry Road,Oakville,ON,L6H 6R1,CA
Coffee Time Donuts Inc.,,,77 Progress Ave.,Toronto,ON,M1P 2Y7,CA
Colour By Design,,,102 A1335 Carling Avenue,Ottawa,ON,K1Z 8N8,CA
"Color Graphic Press, Inc.",,,42 Main Street,Nyack,NY,10960,US
Colour Innovations Print Inc.,,,161 Norfinch Drive,North York,ON,M3N 1Y2,CA
Colourmax / 541989 Ontario Limited,,,2419 Highcroft Road,Oakville,ON,L6M 4Y6,CA
ColourPix,,,211 Redan Street,Eugenia,ON,N0C 1E0,CA
Colourmark Print Inc.,,,7453 Victoria Park Ave.,MARKHAM,ON,L3R 2Y7,CA
Colourfast Secure Card Technology Inc.,,,356 Watline Ave.,Mississauga,ON,L4Z 1X2,CA
Colormark Ltd.,,,6690 Innovator Drive,Mississauga,ON,L5T 2J3,CA
Colour Tech Marketing Inc.,,,"7-3620A Laird Rd.,Unit 1",Mississauga,ON,L5L 6A8,CA
Commercial Print Management,,,4110 Catherine Street,Dorchester,ON,N0L 1G0,CA
"Computer Composition Of Canada, Inc.",,,12 Stanley Court,Whitby,ON,L1N 8P9,CA
Commerce Copy Inc.,,,121 Richmond street W. Suite 1200,Toronto,ON,M5H 2K1,CA
Think Compass Inc.,,,26-111 Zenway Blvd.,Vaughan,ON,L4H 2Y7,CA
Comda.com,,,15 Densley Avenue,Toronto,ON,M6M 2P5,CA
Commercial Digital Print Inc.,,,23 Hannover Dr.,St. Catherines,ON,L2W 1A3,CA
Comely Productions,,,109 Royal Oak Drive,Welland,ON,L3C 5W2,CA
Comgraph,,,10 North Queen Street,Etobicoke,ON,M8Z 2C4,CA
Assure You Ltd.,,,"300-7300 Warden Avenue,",Markham,ON,L3R 0X3,CA
CML Print Solutions Inc.,,,8 Director Court,Vaughan,ON,L4L 3Z5,CA
Complete Mailing Service,,,8 Dohme Avenue,Toronto,ON,M4B1Y8,CA
Commercial Printers,,,205 Griffith Road,Stratford,ON,N5A 6S4,CA
Commercial Press & Design Inc.,,,290 Water Street,Peterborough,ON,K9J 3C7,CA
Communication Matters,,,193 Winnett Ave.,Toronto,ON,M6C 3L8,CA
Compex Display,,,"585 Third Street, Unit B",London,ON,N5V 2C2,CA
Comgraph Print Group Inc.,,,7235 Bellshire Gate,Mississauga,ON,L5N 8M1,CA
Commercial Printing,,,7171 Torbram Road,Mississauga,ON,L4T 3W4,CA
Compu-Mail LLC,,,3235 Grand Island Blvd.,Grand Island,NY,14072,US
Combined Print Ltd.,,,12 Sheffield Terrance,Collingwood,ON,L9Y 5B6,CA
Commercial Real Estate Signs Inc.,,,82 Steffler Dr,Guelph,ON,N1G 3J9,CA
Continuity Colour Corp.,,,167 Carlton Street,Toronto,ON,M5A 2K3,CA
Consulate General Of The Russian Federation,,,175 Bloor St E,Toronto,ON,M4W 3R8,CA
Consolaid Inc.,,,"55 West Beaver Creek Road , Unit 11",Richmond Hill,ON,L4B 1K5,CA
Content Media Group Inc.,,,"1525 Cornwall Road, Unit 19",Oakville,ON,L6J 0B2,CA
Continental Press,,,81 Buttermill Avenue,Concord,ON,L4K 3X2,CA
Consult Ranjan,,,55 Lyon Heights Road,Toronto,ON,M1P 3V8,CA
Contac Services Inc.,,,460 Admiral Boulevard,Mississauga,ON,L5T 3A3,CA
Copie et Papeterie Bureau Quebec,,,5665 Ave Du Parc,Montreal,QC,H2V 4H2,CA
Coptic Media,,,97 WILLOW HEIGHTS BLVD.,Markham,ON,L6C 3A3,CA
Copy Plus Printing,,,112B Scurfield Blvd,Winnipeg,MB,R3Y 1G4,CA
Commercial Print Technologies,,,10 North Queen Street,Etobicoke,ON,M8Z 2C4,CA
Copywell,,,60 Creditview Road,Vaughan,ON,L4L 9N4,CA
Corporation Of The County Of Bruce,,,"578  Brown Street,",Wiarton,ON,N0H 2T0,CA
Corporate Financial Services,,,Department of Finance,St. John's,NL,A1E 2E3,CA
Corporation of the Town of Georgina,,,26557 Civic Centre Road,Keswick,ON,L4P 3G1,CA
Corporation Of The County Of Grey,,,595 9Th Avenue East,Owen Sound,ON,N4K 3E3,CA
Corr/Pak Merchandising Inc,,,44 East Beaver Creek Road,Richmond Hill,ON,L4B 1G8,CA
Corporate Graphics,,,"370 Fort William Road,",Thunder Bay,ON,P7B 2Z3,CA
corporate graphics,,,"370 Fort William Road,",Thunder Bay,ON,P7B 2Z3,CA
Corporate Print Resources,,,7900 SW 160 Street,Palmetto Bay,FL,33157,US
Corporate Printing Services,,,200 Wellington St. West,Toronto,ON,M5V 3C7,CA
Corrsource,,,7 Lancewood Cres,Brampton,ON,L6S 5Y6,CA
Cosmos Print Services,,,"38 Toronto St.N.,",UXBRIDGE,ON,L9P 1E6,CA
Cottage Country Lifestyle Magazine,,,29 Sire Route 89,Trent Lake,ON,K0L 1J0,CA
Coupon Clipper,,,151 Frobisher Dr. Unit C110,Waterloo,ON,N2V 2C9,CA
County of Simcoe,,,Solid Waste Management,Midhurst,ON,L9X 1N6,CA
Couto Printing And Publishing Services,,,"49 - 14th Street,",Toronto,ON,M8V 3J1,CA
CR Creative Co. Ltd.,,,400 Broadway St,Wyoming,ON,N0N 1T0,CA
CP Printing Solutions,,,26 Steamwhistle Drive,Ivyland,PA,18974,US
C-PRINT,,,78 Knowles Dr.,Woodstock,ON,N4S 8T8,CA
Craftwell Canada Inc,,,40-4181 Sladeview Crescent,Mississauga,ON,L5L 5R2,CA
Crave pizza & chicken,,,1650 Jane St.,North York,ON,M9N 2R8,CA
Craft Print And Design,,,1 Promenade Circle,Thornhill,ON,L4J 8G7,CA
Creative Business Solutions,,,110 Didsbury Road,Kanata,ON,K2T 0C2,CA
Creativeye Advertising + Design,,,9 Laurelwood Cres.,Toronto,ON,M9P 1L4,CA
Cressman Agency,,,8665 Glavcic Dr.,Niagara Falls,ON,L2H 0A9,CA
Creative Business Forms,,,467 Astroville Road,Astroville,ON,P0H 1B0,CA
Creation By Sheri,,,94 Theodore Place,Thorn Hill,ON,L4J 8E4,CA
Creative Consultants,,,6045 Credit View Road,Mississauga,ON,L5V 0B1,CA
Creswell Dance Academy,,,2181 Queen St. East,Toronto,ON,M4E 1E5,CA
Creative Edge Designs Inc.,,,1203 10TH Side Road,Tottenham,ON,L0G1W0,CA
Creative7 Inc.,,,300 New Toronto St.,Toronto,ON,M8V 2E8,CA
CREATIVE LITHO PRINT INC,,,235 HOOD ROAD UNIT 1,MARKHAM,ON,L3R 4N3,CA
Creative Marketing,,,"549 Yonge Street, Unit 92",Barrie,ON,L4N 7P8,CA
Creative Path,,,1455  16Th Avenue,Richmond Hill,ON,L4B 4W5,CA
Creative Print Solutions,,,924 Mctrach Cres.,Milton,ON,L9T 1M5,CA
Creative Strategy Design Inc.,,,2300 Finch Ave West,North York,ON,M9M 2Y3,CA
Crossmedia Advisory Inc.,,,42 Deanewood Cr,Etobicoke,ON,M9B 3B1,CA
Crocodile Printing & Signs,,,118 Regent St,Sudbury,ON,P3C 4C2,CA
Crown Printing Group,,,"65 Massey Road, Suite C,",Guelph,ON,N1H 7M6,CA
Crown Printing Inc,,,"45 Casmir Court, Unit 15",Concord,ON,L4K 4H5,CA
Cruise Connections Canada,,,"604-1201 W. Pender Street,",Vancouver,BC,V6E 2V2,CA
Crush Media,,,294 King St. West,Hamilton,ON,L8P 1B1,CA
Cruise Strategies Ltd.,,,135 Pioneer Lane,Blue Mountain,ON,L9Y 0M7,CA
Crystal Image Studio,,,3920 Loop Road,Harcourt,ON,K0L 1X0,CA
Cstorelife Media Inc.,,,466 Speers Road Suite 300,Oakville,ON,L6K 3W9,CA
C.T.Promotions Inc.,,,1690 Chester Dr.,CALEDON,ON,L7K 0W4,CA
Curious Guide,,,155558 7th Line,Markdale,ON,M0C 1H0,CA
Custom Design and Print Inc.,,,22 Millsborough Cres,Toronto,ON,M9C 5E8,CA
Customize It Today.,,,5642 St Johns Sideroad Whitchurch,Stoufville,ON,L4A 3P2,CA
Custom Printing & Graphics Inc.,,,"6660 Kennedy Road , Unit 2","Mississauga,",ON,L5T 2M9,CA
Cyber Magic Land,,,919 Danforth Ave.Main Street,Toronto,ON,M4J 1L8,CA
Cygraphics Art & Printing Co. Inc.,,,132 C Drive In Road,Pembroke,ON,K8A 7N6,CA
Dadgar Magazine,,,"4 Colborne St. Second Floor,",Thornhill,ON,L3T 1Z6,CA
Da Estrela Wellness,,,"355 Elmira Road North, Unit #107",Guelph,ON,N1K 1S5,CA
Dairy Farmers of Ontario,,,6780 Campobella Road,Mississauga,ON,L5N 2L8,CA
Dairylicious Inc.,,,37 Kodiak Cres. # 10,Toronto,ON,M3J 3E5,CA
Dakota State University,,,820 North Washington Ave   LEC-N Le,Madison,SD,57042,US
Daley'S Outdoor Services,,,21 Daniel Court,Markham,ON,L3P 4B8,CA
DA Print Shoppe,,,266 Charlotte Street,Peterborough,ON,K9J 2V1,CA
Darrell Lesnick,,,602 Dean Ave.,Oshawa,ON,L1H 3E9,CA
Data Direct Group Inc.,,,1-2001 Drew Road,Mississauga,ON,L5S 1S4,CA
Data Document Solutions Inc.,,,291 Traders Blvd. East,MISSISSAUGA,ON,L4Z 2E5,CA
Datamax International Inc.,,,39 Broadway suite 604,New York,NY,10006,US
"Data-Mation Printing & Graphics, Inc",,,623 Englewood Ave,Bufflo,NY,14223,US
Datahome Production Ltd,,,3400 14th Ave. Unit 33,Markham,ON,L3R 0H7,CA
Datamark Systems Inc.,,,5988 Ambler Dr.,"Mississauga,",ON,L4W 2P2,CA
Davaly Creations,,,"5154, Troyat Street",Laval,QC,H7R 5J4,CA
David Reboh,,,7005 Chemin Clover,Cote Saint-Luc,QC,H4W 1E8,CA
David Schembri Design,,,619 Goodyear Crescent,Newmarket,ON,L3Y 8L1,CA
David Wilson Consulting,,,23 Sandringham Dr.,Barrie,ON,L4N 0J9,CA
Day Printing,,,1941 Kirschner Road,Kelowna,ON,V1Y 4N7,CA
DCA Printing Inc.,,,9922-113 Avenue,Grande Prairie,AB,T8V 1W7,CA
D.C.Integrated Solutions Ltd.,,,26 Emily Carr Crescent,Bolton,ON,L7E 2L1,CA
D. Design,,,67 Niagara Street,Toronto,ON,M5V 1C3,CA
Debra's Fashion & Smok'n Doodads,,,2299 Chiefswood Rd.,Ohsweken,ON,N0A 1M0,CA
Decor Floors,,,4800 Dixie Road,Mississauga,ON,L4W 2R1,CA
Deco Lables & Tags,,,28 Greenboro Drive,Toronto,ON,M9W 1E1,CA
Dedicated Freight Inc.,,,44 Clayson Rd.,North York,ON,M9M 2G7,CA
Deepee Paper Sales Inc.,,,1050 Mcnicoll Ave. Unit # 6,Scarborough,ON,M1W 2L8,CA
Dee Print Inc,,,75 Charleswood Dr,Toronto,ON,M3H 1X5,CA
Deep South Printing,,,"100 Hull Rd, Sumiton",Sumiton,AL,35148,US
Degil Safety,,,200 Zenway Blvd,Vaughan,ON,L4H 0L6,CA
Dektop Publishing (Mac & Pc),,,29 Yarrow Road(Keele & Eglinton),Toronto,ON,M6M 4E2,CA
Delimark Cafe,,,2 Lasing Square,North York,ON,M2J 4P8,CA
Delhi Express Printing Inc.,,,"Unit # 214, 7 Westwinds Crescent NE",Calgary,AB,T3J 5H2,CA
Delta Goods,,,547 Grange Way,Peterborough,ON,K9H 0G7,CA
Deltaco Graphics,,,59 Innisbrook Cr.,Thornhill,ON,L3T 5A9,CA
Deluxe International Group,,,25 Milvan Drive,Toronto,ON,M9L 1Y8,CA
Demi Group,,,1202 -509 Beecroft Road,Toronto,ON,M2N 0A3,CA
Department of Finance (Newfoundland Labrador),,,100 Prince Phillip Drive,St. John's,NL,A1B 4J6,CA
Department of Tourism Culture & Recreation To,,,,ST. JOHNS,NL,,CA
Der Blitz inc,,,5220 new Utrecht ave,Brooklyn,NY,11219,US
Designer's Choice,,,364 Evans Ave. Unit 2,Toronto,ON,M8Z 1K5,CA
I Design Ltd.,,,"1147 Topsail Rd,",Mount Pearl,NL,A1N 5G2,CA
Designmarkit Inc.,,,6951 Derry Rd # 40013,Milton,ON,L9T7W4,CA
Design It Inc.,,,372 Blauvelt Road,Monsey,NY,,US
Destination Markham Corporation,,,101 Town Centre Blvd,Markham,ON,L3R 9W3,CA
Detonate Industries,,,18 Firewood Dr.,Richmond Hill,ON,L4S 2A2,CA
Dezine Corp Inc.,,,369 Britannia Rd E,Mississauga,ON,L4Z 2H5,CA
D&G Printing Ltd,,,16715-12 Yonge Street,Newmarket,ON,L3X 1X4,CA
Diane Borsato,,,"24 Jerome St,",Toronto,ON,M6P 1H7,CA
Dicks And Company Limited,,,P.O.Box 490,ST.JOHN'S,NL,A1C 5K6,CA
Dickson Printing,,,212B Hardwood Avenue South,Ajax,ON,L1S 2H6,CA
Die Cut Display Ltd.,,,1300 Alness Street,Concord,ON,L4K 2W6,CA
Dieppe Imaging Inc.,,,456 Rue Champlain,Dieppe,NB,E1A 1P3,CA
Difference Engine,,,"8 Melanie Drive, Suite 206",Brampton,ON,,CA
Diginess Creative Studio,,,"290 Caldari Road,",Vaughan,ON,L4K 4J4,CA
Digital Data Corp.,,,1181 Finch Ave. West,Toronto,ON,M3J 2V8,CA
Digital Direct Group Inc.,,,14513 Ninth Line,Stouffville,ON,L4A 3E2,CA
Digital Edge Print & Media Services,,,3615 Laird Road. #5,Mississauga,ON,L5L 5Z8,CA
Digital Elementz Media Group Inc.,,,1365 Midway Blvd Unit #5,Mississauga,ON,L5T 2J5,CA
Digital Expressions,,,30 Pennsylvania Ave. unit 5,Vaughan,ON,L4K 4A5,CA
Digistream Print & Display,,,"588 Edward Avenue, Unit 40",Richmond Hill,ON,,CA
Digital Prolab,,,196 Kingston Road,Toronto,ON,M4L 1S7,CA
DIGITALOFFICE.CA INC,,,61 RAYETTE RD,CONCORD,ON,L4K 2E8,CA
Digital Post,,,4509 Manhattan Rd SE,Calgary,AB,T2G 4B3,CA
Digitime Print & Graphics,,,550 Queen Street West,Toronto,ON,M5V 2B5,CA
Digital Tree,,,4321 Queen Street,Niagara Falls,ON,,CA
"Digital Press, Inc",,,"1440 N. Nova Road, Suite 203",Daytona  Beach,FL,32117,US
Direct Corporate Source Inc.,,,511 Millway Avenue,Concord,ON,L4K 3V4,CA
Direct Digital Media,,,C\O Anthony Care,Georgetown,ON,L6G 6M6,CA
Direct Graphic Services,,,340 Bur Oak Avenue,Markham,ON,L6C 2T9,CA
Dirty Print,,,23 Rubic Cres.,Scarborough,ON,M1S Y41,CA
Direct Response Media Group Inc.,,,"240 Wyecroft Rd,",Oakville,ON,L6K 2G7,CA
Discount Business Forms Printing Inc.,,,13 Kenview Blvd Unit 18,Brampton,ON,L6T 5K9,CA
Discover Graphics Inc,,,4933 Wild Life Road Warehouse,Hartford,WI,53027,US
Distributech Inc.,,,70 Easton Road,Brantford,ON,N3P 1J5,CA
Dixon Ink Inc.,,,91 Geneva Street,St. Catharines,ON,L2R 4M9,CA
DLH Graphics,,,7240 Woodbine Ave.,Markham,ON,L3R 1A4,CA
Porter Fine Printing,,,426 Major Mackenzie Dr. East #3,Richmond Hill,ON,L4C 1J2,CA
DM Printing Services,,,21 Valley View Crescent,Bradford,ON,L32 1S8,CA
DMS Communications,,,902 Victoria Ave.,Windsor,ON,N9A 4N4,CA
DNB Media / Liberal Party,,,"215 Queen St. E , Suite 1903",Brampton,ON,L6W 0A9,CA
DNB Media,,,"215 Queen St. E , Suite 1903",Brampton,ON,L6W 0A9,CA
DNL Corporate Design,,,104D - 4255 Sherwoodtowne Blvd,Mississauga,ON,L4Z 1Y5,CA
Dobbie Media Solutions,,,150 Riverbank Drive,Cambridge,ON,N3H 4R6,CA
Dockside Publishing Inc.,,,"900 Bay St., Unit 3",Gravenhurst,ON,P1P 1Z9,CA
Dollco Print Solutions Group,,,"2340 St. Laurent Boulevard,",Ottawa,ON,K1G 6E3,CA
Dolce Publishing Inc,,,111 Zenway Blvd.,Vaughan,ON,L4H 3H9,CA
Domus Printing Inc.,,,1747 Eglinton Ave. West,TORONTO,ON,M6E 2H7,CA
Dorplex Industries Limited,,,100 Norfrinch Drive,Toronto,ON,M3N 1X1,CA
Doroga  Road Magazine,,,321-330 Princess Royal Drive,Mississauga,ON,L5B 4P7,CA
Downing Street,,,50 Nimacor Avenue,Vaughan,ON,L4K 4Z9,CA
DPI Graphics Group Inc.,,,6777 Invader Crescent,Mississauga,ON,L5T 2B7,CA
DREW - MI SERVICES.,,,10 Curtiss Ct,Barrie,ON,L4M 2M7,CA
Dr. N Kadivar  Dentistry Professional Corp.,,,7191 Young St. Unit 205,Thornhill,ON,L3T 0C4,CA
DT Learning Products  Inc.,,,"3333 Warrenville Road, Suite 200","Lisle,",IL,60532,US
Duchess Sales Limited,,,24 Vicerroy Road,Concord,ON,L4K 2L9,CA
Dundas Cactus Parade Inc.,,,42 Cross St. Dundas,Toronto,ON,L9H 2R7,CA
Duotone Graphics,,,135 Grenadier Rd.,Toronto,ON,M6R 1R5,CA
Durkin Graphics Inc,,,119 Lou'S Blvd,Rockwood,ON,N0B 2K0,CA
Durham Total Sports,,,23 Chopin court,Whitby,ON,,CA
DVI Lighting,,,120 Great Gulf Drive,Concord,ON,L4K 5W1,CA
Dynamic Advertising Solutions,,,6060 Ridge Avenue Suite 200,"Philadelphia,",PA,19128,US
Dynamic Industries,,,299 Basaltic Road # 3,Vaughan,ON,L4K 4W8,CA
Earl Kelley & Associates,,,253 Douglas Street,Fort Erie,ON,L2A 3X3,CA
Earl Ward & Associates,,,2032 Breezy Brae Drive,Mississauga,ON,L4Y 1N1,CA
"East Coast Graphics, Inc",,,320 Lake Avenue,Saint James,NY,11780,US
Eastrose Homes,,,"4936 Yonge St, Suite 708",Toronto,ON,M2N 6S3,CA
East Point Form and Label Inc.,,,"3045 Robie St, Suite 150",Halifax,NS,B3K 4P6,CA
E.C.Gold Inc.,,,31 Stoyell Drive,Richmond Hill,ON,L4E 0L6,CA
Eclipse Printing Inc.,,,52 Kalima Road,Brampton,ON,L6X 3B3,CA
Ecobee,,,477 Richmond Street West,Toronto,ON,M5V 3E7,CA
Econcepts,,,988 Grafton Court,Pickering,ON,L1X 2P2,CA
Econoprint Printers & Publishers,,,329 Welland Ave.,St. Catharines,ON,L2R 2R2,CA
Ecol Services Group,,,Bay 210 - 3530 Millar Ave.,Saskatoon,SK,S7P 0B6,CA
Eden Advertising & Interactive,,,"8400 Jane Street, Suite 300",Concord,ON,L4K 4L8,CA
Eden Homes,,,24 Executive Place,Kitchener,ON,N2P 2N4,CA
EDELMAN,,,"150 Bloor Street West, Suite 300",Toronto,ON,M5S 2X9,CA
EdgeMark Partners,,,"4510 Cox Road, Suite 305",Glen Allen,VA,23060,US
Edgeley Printing,,,200 Edgeley Blvd.,Concord,ON,L4K 3Y8,CA
Efe Magazine INC,,,1480 Clarkson Rd N,Mississauga,ON,15J 2W9,CA
Eggsmart Corporation,,,77 Progress Road,Toronto,ON,M1P 2Y7,CA
E Hofmann Plastics,,,51 Centennial Rd,Orangeville,ON,L9W 3R1,CA
Eidap Inc,,,1-14 Regan Road,Brampton,ON,L7A 1B9,CA
Einsured.ca Inc.,,,9300 Goreway Dr #106,Brampton,ON,L6P 4N1,CA
Election Print,,,"2586A Yonge Street, Suite 2B",Toronto,ON,M4P 2J3,CA
ELEVEN GRAPHICS & PRINT,,,"160 - 2 County Court Blvd., Suite 4",Brampton,ON,L6W 4V1,CA
ELEMENTS MEDIA,,,295 Stanley Street,Barrie,ON,L4M 6X7,CA
Elections Ontario,,,26 Prince Andrew Place,Toronto,ON,M3H 2C4,CA
Element Print & Copy Inc.,,,"1425 Bishop St. N., Unit 7",Cambridge,ON,N1R 6J9,CA
Elite Bindery And Mail Solutions.,,,635 Hood Road,Markham,ON,L3R 4N6,CA
Elite Digital Agency,,,"5511 Steeles Ave. West, Suite 200",Toronto,ON,M9L 1S7,CA
Elite Gold Group Ltd.,,,12 Mistdale Crescent,Brampton,ON,L7A 1S1,CA
Elite Printing & Design Inc.,,,11 Huntwood Court,Ottawa,ON,K1V 0R3,CA
Elko Media,,,1 Young Street,Toronto,ON,M5E 1W7,CA
Elite Living,,,351 Hanlan Road,Woodbridge,ON,L4L 3T1,CA
EMBASSY OF THE REPUBLIC OF KAZAKHSTAN,,,"150 METCALFE ST., SUITE 1604",OTTAWA,ON,K2P 1P1,CA
Empire Liquadation Centre,,,1190 Caledonia Rd,North York,ON,M6A 2W5,CA
Emerald Print Management,,,"1100 University Avenue, Suite 142-B",Rochester,NY,14607,US
EMM VEE Music,,,"451 Applegate Court,",Waterloo,ON,N2T 0A9,CA
Enet Studioz,,,809-35 Mariner Terr,Toronto,ON,M5V 3V9,CA
Enfigo Corporation,,,199 Steelcase Road. W. Unit 2,Markham,ON,L3R 2M4,CA
Engine Advertising Inc.,,,8555 Jane Street,Vaughan,ON,L4K 2N9,CA
Enirox Group Inc.,,,120-5050 Dufferin Street,Toronto,ON,M3H 5T5,CA
Ensemble Travel Group,,,60 Yonge Street,Toronto,ON,M5E 1X8,CA
Enveloppes Bel-Fast Imprimerie,,,2340 - 23e Ave,Lachine,QC,H8T 0A3,CA
EPrintAll,,,280 Yorktech Dr. Unit 3,Markham,ON,L6G 0A4,CA
EQI COMMUNICATIONS,,,14 Cadbury Court,Scarborough,ON,M1E 1E7,CA
ERA Architects,,,"625 Church St, Suite 600",Toronto,ON,M4Y2G1,CA
Errington Integrated Marketing,,,16-4325 Harvester Road,Burlington,ON,L7L 5M4,CA
Escape Marketing & Communications Inc,,,"100 University Avenue,",Toronto,ON,M5J 1V6,CA
Essex Printing Co. Ltd.,,,"11670 County R. 42,",Tecumseh,ON,N8N 3C4,CA
etc. Press Limited,,,3600 Kempt Rd #103,Halifax,NS,B3K 4X8,CA
Ethnic Channels Group,,,907 Alness Street,Toronto,ON,M3J 2J1,CA
Ethnic Marketing,,,"2 - Robert Speck Parkway,Suite 750",Mississauga,ON,L4Z 1H8,CA
Euro Essentials,,,5566 Tomken Road,Mississauga,ON,L4W 14,CA
Eurofase Inc.,,,33 West Beaver Creek Road,Richmond Hill,ON,L4B 1L8,CA
EventSource.ca,,,"3075 14th Avenue, Suite 209",Markham,ON,L3R 0G9,CA
Event Display and Promotions,,,23 Melville Drive,Nepean,ON,K2J 2B7,CA
Everest Graphics,,,32 Glenora Cres.,Brampton,ON,L6S 1E2,CA
Everyday Office Supplies Inc.,,,"2700 Dufferin Street , Unit 26",Toronto,ON,M6B 4J3,CA
Evergreen Pages Ltd.,,,54 Reigate Ave,Brampton,ON,L6V 2E3,CA
Evershine Print & Parcel,,,65 Shuter St.,Toronto,ON,M5B 1B2,CA
Eversmile Traders,,,112-1116 Wilson Ave,Toronto,ON,M3M 1G7,CA
EV Print,,,181 Vanguard Road,Vaughan,ON,L4K 5G8,CA
"Exalt Printing Solutions, LLC",,,1628 W Crosby Rd,Carrollton,TX,75006,US
Excon Construction Inc.,,,10795 Hwy 9,CALEDON,ON,L7E 0G5,CA
Executive Magazine.com N.V,,,"Welfare Road #68,","Simpson Bay , St. Maarten",,,SX
Man Cave Arcade (Executive Print Inc),,,3335 14th Ave #2,Markham,ON,L3R 0H3,CA
Exon  Accounting Services Inc.,,,1310 Midway Blvd,Mississauga,ON,L5T 2K5,CA
Exodus Graphics Corp.,,,340 Alden Road,Markham,ON,L3R 4C1,CA
EXO Visuals,,,1984 Thompson St.,Innisfil,ON,L9S 4Z5,CA
Expired Comics,,,1959 Orchardview Ave,Ottawa,ON,K4A 3H2,CA
Expert Image Graphics & Printing,,,1166 Cardinal Road,London,ON,N6M 0C3,CA
Express Office,,,1050 Wildwood Drive,Newmarket,ON,L3Y 2B5,CA
Expressway Printing Inc.,,,3915 15 Ave.,Brooklyn,NY,,US
Expert Signs And Printing,,,4261-A14 Hwy 7 East,Markham,ON,L3R 9W6,CA
Exquisite Printing,,,"130 Westmore Drive, Unit 9",Etobicoke,ON,M9V 5E2,CA
Extreme Roofing,,,60 Basaltic Road,Concord,ON,L4K 1G7,CA
Eye Design Solutions,,,195 - John Bowser Cres.,Newmarket,ON,L3Y 7N6,CA
EZ Graphic Solutions,,,"245 Riviera Drive, Unit 7",Markham,ON,L3R 0H6,CA
Ezzigroup Inc.,,,306-9011 Leslie street,Richmond Hill,ON,L4B 3B6,CA
Fahad Javed,,,"56 Clementine dr,",Brampton,ON,L6yr56,CA
Fairways Golf Magazine,,,PO Box 58,King City,ON,L7B 1A4,CA
Fairprint .Ca,,,9078 Leslie St. Unit 8,Richmond Hill,ON,L4B 3L8,CA
Falun Dafa Association of Toronto,,,"30 West Beaver Creek Rd, Unit 18",Richmond Hill,ON,L4B 3K1,CA
Falcon Labels Inc.,,,1229 Aerowood Drive,Mississauga,ON,L4W 1B9,CA
Famous Optic,,,2150 Burnhamthorpe Road W,Mississauga,ON,L5L 3A2,CA
Fantasy Farm,,,77 Progress Ave,Toronto,ON,M1P 2Y7,CA
Farm Credit Canada,,,"1800 Hamilton Street, P.O. Box 4320",Regina,SK,S4P 4L3,CA
Fastrack Graphics Inc.,,,2 Thorncliffe Park Drive,Toronto,ON,M4H 1H2,CA
Fashion Print Inc.,,,1181 Finch Ave. West,Toronto,ON,M3J 2V8,CA
FAST PRINTING PRESS,,,Industrial Parkway S. Unit #,Aurora,ON,L4G 3V5,CA
FASTSIGNS of South Mississauga & Oakville,,,3585 Laird Rd # 6,Mississauga,ON,L5L 5Z8,CA
Ferretti Interiors Inc.,,,8550 Keele Street,Concord,ON,L4K 2N2,CA
Fi5Th Feb,,,5 Massey Square,Toronto,ON,M4C 5L6,CA
Field Of Print Inc.,,,530 Rowntree Dairy Road Suite 1,Woodbridge,ON,L4L 4S5,CA
Financial Advisors Association of Canada,,,"10 Lower Spadina Ave, Suite 600",Toronto,ON,M5V 2Z2,CA
Fine Copy & Printing,,,6295 Mississauga,Mississauga,ON,L5N 1A7,CA
Fine Dot Graphics,,,"109 Woodbine Downs Blvd,",Toronto,ON,M9W 6Y1,CA
Fine Print Solutions,,,"13329-78th Ave, Unit 510",Surrey,BC,V2W 5B9,CA
Firestone Printing,,,1765 Keele Street,Toronto,ON,M6M 2W9,CA
Flato Markham Theatre,,,171 Town Centre Blvd.,Markham,ON,L3R 8G5,CA
Flash Reproductions Ltd.,,,51 Galaxy Blvd,Etobicoke,ON,M9W 5P1,CA
FlexoLitho Inc.,,,22 Willis Drive,Aurora,ON,L4G 5N7,CA
Flexsmart Office Interiors  Vaughan,,,960 Edgeley Blvd,Vaughan,ON,L4K 4V4,CA
Flewwelling Press Ltd.,,,96 Prince William Street,Saint John,NB,E2L 2B3,CA
Flora Graphic,,,1720 Jane Street,Toronto,ON,M9N 2S4,CA
Flyertech Business Solutions,,,12 Delancey Crescent,Markham,ON,L3P 7C8,CA
Flyer Kingdom,,,100 Consilum Place,Scarborough,ON,M1H 3G2,CA
Flyprint,,,31 Barnesdale Ave. N,HAMILTON,ON,L8L 6R4,CA
Focal Print Marketing Inc.,,,12 Greenfield Ave.,Barrie,ON,L4N 2V8,CA
Fogo Island Inn,,,210 Main Road,Joe Batt's Arm,NL,A0G 2X0,CA
Forest City Graphics Limited,,,982 Hurbrey Road,London,ON,N6N 1B5,CA
Formules Concept,,,445 Rue Du Domaine,TroisRivieres,QC,G9B 6R6,CA
Formcor Inc.,,,"10-315 Traders Blvd., E",Mississauga,ON,L4Z 3E4,CA
Forward Line Production,,,39 Daphnia Dr,Thornhill,ON,L4J 8X1,CA
Formax,,,1099 Kingston Rd.,Pickering,ON,L1V 1B5,CA
Formost MediaOne,,,6 Kenview Boulevard,Brampton,ON,L6T 5E4,CA
Forms Plus Print & Design Inc,,,3198 Old School Road,Caledon,ON,L7C 0W1,CA
Formtel Printing Services Inc.,,,42 Goodmark Place Unit 6,Etobicoke,ON,M9W 6S2,CA
For You - Quality Immigration Solutions,,,67-30 Karachi Drive,Markham,ON,L3S 0B6,CA
Fotografix Usa Inc.,,,2500 Quantum Lakes Drive,Boynton Beach,FL,33426,US
Foxx Advertising & Design Inc.,,,1 Greensboro Dr. Suite 200,Toronto,ON,M9W 1C8,CA
Foy Ink Design,,,96 Kirk Drive,Thornhill,ON,L3T 3L2,CA
Framing Art Expo,,,908 75 Graydon Hall Drive,Toronto,ON,M3A 3M5,CA
Frannie Nie,,,2679 Lindholm Cres.,Mississauga,ON,L5M 4P4,CA
FR Design & Print,,,"1542 Mendelson Heights,",Milton,ON,L9E 1H3,CA
Fresh Construction,,,,,ON,,CA
Fresh Wave Media,,,1215 St. Clair Ave West,Toronto,ON,M6E 1B5,CA
Friends of Markham Museum,,,"9,350 Highway 48",Marakham,ON,L3P 3J3,CA
Frost Distributing Inc.,,,121 Hanlan Road,Woodbridge,ON,L4L 3P5,CA
Frontier Distributing,,,1031 Helena Street,Fort Erie,ON,L2A 6C7,CA
Frontline Systems,,,95 Binnington Court,Kingston,ON,K7M 8R7,CA
Full Color Printings,,,1452 W.110th St.,Cleveland,OH,44102,US
Futurian Printing Inc.,,,7210 Lancaster Ave,Mississauga,ON,L4T 2L3,CA
FW Barrett Company,,,388 Carlaw Ave,Toronto,ON,M4M 2T4,CA
Gage Business Communication,,,"551 Bryne Drive , Unit Q",Barrie,ON,L4N 9Y3,CA
Gagan Sidhu Insurance & Financial Services,,,"267 Main St., N",Brampton,ON,L6X 1N4,CA
Gallipro,,,79 Vulcan Street,Etobicoke,ON,M9W 1L4,CA
Gallagher Printing,,,9195 Main Street,Clarence,NY,14031,US
Galbraith Publishing Company,,,1610 Crawforth St  Unit 23,Whitby,ON,L1N 9B1,CA
GalaVision,,,"151 Keffer Circle,",Newmarket,ON,L3X 1R9,CA
Garson Graphic,,,"111 Davis Drive Unit 1, Suite 179",Newmarket,ON,L3Y 9E5,CA
Garage Living,,,"201 Chrislea Road,",Vaughan,ON,L4L 8N6,CA
Gatons Foods  Dairy Inc.,,,"130 Snidercroft Road, Unit 19, 20",Vaughan,ON,L4K 2K1,CA
Gateway Visual Communications,,,"445 Admiral Blvd., Unit 1",Mississauga,ON,L5T 2N1,CA
Gavin Wan,,,400 Colony Road,Richmond Hill,ON,L4E 5A5,CA
Gearbox Marketing,,,4 Brembel St,Kitchner,ON,N2B 3T8,CA
GEKO Graphics & Printing Inc.,,,2909 St. Clair Ave. East,Toronto,ON,M4B 1N5,CA
Generator Insights Strategy,,,717A Hewitson Street,Thunder Bay,ON,P1B 6B5,CA
"Genesis Service Associates, LLC",,,3255 Central St.,Dexter,MI,48130,US
Georgian Bay Printers,,,17 Colborne St East,Orillia,ON,L3V 1T4,CA
George Brown College,,,Casa Loma Campus,Toronto,ON,M5R 1M3,CA
Georgian Copy & Printers,,,130 Bell Farm Road,Barrie,ON,L4M 6J4,CA
Geo Holiday Group,,,40 Eglinton West,Toronto,ON,M4P 3C8,CA
GEPM,,,6521 Eastridge Road,Mississauga,ON,L5N 4K9,CA
Gerrity Corrugated Paper Products Ltd.,,,75 Doney Crescent,Concord,ON,L4K 1P6,CA
Gerson Law,,,5255 Yonge Street Suite 1300,Toronto,ON,M2N 6P4,CA
GESMA Printing Ltd.,,,60 Spring Gate Boulevard,Thornhill,ON,L4J 3L7,CA
G & G DIGITAL,,,27 Armthorpe Road,Brampton,ON,L6T 5M4,CA
Gimik Media Inc.,,,"1 High Meadow Place, Unit 8",Toronto,ON,M9L 0A3,CA
GJB Printing,,,1576 Stewart Line,Cavan,ON,L0A 1C0,CA
Gladstone's Inc.,,,475 Guelph Street,Norval,ON,L0P 1K0,CA
Global Brief Magazine,,,63 Oatlands Cres.,Richmond Hill,ON,L4C 9P2,CA
Globus Printing & Packaging Inc.,,,One Executive Parkway,Minster,OH,45865,US
GO 2 MEDIA PRINT,,,A1 - 20 Apple Creek Blvd. Suite 110,Markham,ON,L3R 5Z1,CA
Golden Opportunities Fund Inc.,,,"830, 410 22nd St. E.,",Saskatoon,SK,S7K 5T6,CA
Goldrich Print Pak,,,100 Industry Street,Toronto,ON,M6M 4L8,CA
Golden Shell Signs Ltd.,,,8241 woodbine ave. Unit 4,Markham,ON,L3R 2P1,CA
Golden Triangle Printing Inc.,,,80 Baffin Place,Waterloo,ON,N2V 1ZR,CA
Gorilla Advertising,,,133 Richmond Street West,Toronto,ON,M5H 2L3,CA
Go Safeguard,,,"76 Brookshire Circle,",Thornhill,ON,L3T 7B2,CA
Government Mail And Print Services,,,77 Wellesley St West,Toronto,ON,M7A 1N3,CA
Government of Newfoundland and Labrador,,,30 Strawberry Marsh Road,St. John's,NL,A1B 4R4,CA
G & P Promotions,,,8084 Alpine Drive,Niagara Falls,ON,L2H 3C1,CA
GPR Signs Inc.,,,172 2nd Street East,Pierceland,SK,S0M 2K0,CA
Grafika 360,,,29-7284 Bellshire Gate,Mississauga,ON,L5N 8E3,CA
Graphvs Advertising And Communications,,,4297 St.John'S Sideroad,Newmarket,ON,L3Y 4W1,CA
Graphic Arts Magazine,,,1180 Kingdale Road,Newmarket,ON,L3Y 4W1,CA
Graphics Canada.,,,11 Ruddington Dr.Unit 231,Toronto,ON,M2K 2J6,CA
Graphic Concepts,,,7321 Victoria Park Avenue,Markham,ON,L3R 2Z8,CA
Graphic Estimating  Services,,,9 Green Bush Rd,Toronto,ON,M2M 1P2,CA
Grafo Print Media Inc.,,,P.O Box 201,Caledon East,ON,L7C 3L9,CA
Graystone Graphics Inc.,,,7 Buttonville Cres. East,Markham,ON,L3R 0J9,CA
Grad Media,,,175 West Beaver Creek Unit#16,Richmond Hill,ON,L4B 1L1,CA
Graphic Monthly Canada,,,8-1606 Sedlescomb Dr.,Mississauga,ON,L4X 1M6,CA
Grand Occasions,,,57 Robinwood Trail,Thornhill,ON,L4J 6K9,CA
Graphic Perfections Inc.,,,413 Crossing Bridge Place,Aurora,ON,L4G 7N1,CA
Graphx,,,188 Misty Meadow Drive,Woodbridge,ON,L4L 3V7,CA
Graphix Plus,,,1501 Howard Ave. Unit 104,Windsor,ON,N8X 3T5,CA
GraphPrint,,,"2077 Dundas St. East, Unit 104",Mississauga,ON,L4X 1M2,CA
Grace Printing,,,1283 Matheson Blvd. East,Mississauga,ON,L4W 1R1,CA
Grapevine Publications Inc. / Ashley Barratt,,,314B Front Street,Belleville,ON,K8N 2Z8,CA
Graphart Reproduction,,,27 Hewlett Cres.,Unionville,ON,L3P 7L3,CA
Graphix Works,,,16 Cherie Road,St. Catharines,ON,L2M 6L4,CA
GreenSeal Cannabis Co. Ltd.,,,530 Wright Blvd.,Stratford,ON,N4Z 1H3,CA
Grey County Tourism,,,102599 Grey Road,Owen Sound,ON,N4K 5N6,CA
Greg Crockford,,,25 Alice Street,Mount Albert,ON,L0G 1M0,CA
Green Dot Architects Inc.,,,"1670 Bayview Ave., Suite 302",Toronto,ON,,CA
Green Fibers,,,19 Brownridge Rd. Unit #7,HaltonHills,ON,L7G 0C6,CA
Gregory Graphics Inc.,,,"100 Collie Crescent,",Stouffville,ON,L4A 0V8,CA
GreyhoundHill Inc.,,,372 York Hill Blvd,Thornhill,ON,L4J 3B6,CA
Green Light Graphics Inc,,,4686 County Road 21,Haliburton,ON,K0M 1S0,CA
Green On Technologies Inc.,,,2 Panhale Drive,Toronto,ON,M9P 2X4,CA
Greenville Planters,,,1295 Kamato Rd.,Mississauga,ON,L4W 2M2,CA
Greco Promotional Products Inc,,,190 Marycroft Ave.,Woodbridge,ON,L4L 5Y1,CA
Grossi Consulting Llc,,,180 Bernard Drive,Red Bank,NJ,07701,US
"Growth Media North America, Inc",,,Unit 133 - 9 Burbidge St.,Coquitlam,BC,V3K 7B2,CA
Graphic Plus Media,,,10132 Yonge St. # 202A,Richmond Hill,ON,L4C 1T6,CA
Graphic Prints,,,"385 Admiral Blvd, Unit 7",Mississauga,ON,L5T 2M8,CA
GTA Business Links Ltd,,,"8887 The Gore Road, Unit # 54",Brampton,ON,L6P 2K9,CA
GTax Couriers,,,78 Herdwick Street,Brampton,ON,L6M6M1,CA
GTA Flooring Canada,,,"4190 Steeles Ave W, U-B3, B4",Vaughan,ON,L4L 3S8,CA
Guru Advertising Inc.,,,2-2575 Steels Ave. E,Brampton,ON,L6T 5T1,CA
Hady John Bar & Grill,,,50 Taunton Road East,Oshawa,ON,L1G 3T7,CA
Halcraft Printers Inc.,,,2688 Robie Street,Halifax,NS,B3K 4N8,CA
Hall Freight System,,,2415 Jane Street,North York,ON,M3M 1A9,CA
Hall Printing Ltd.,,,59 Durham Street West,Lindsay,ON,K9V 2P7,CA
Hamilton Copy Copy Printing & Graphics Ltd.,,,450 Fennell Ave. East,Hamilton,ON,L9A 1V3,CA
Hammerhill Diversified Ltd.,,,14-187 Steelcase Rd. W.,MARKHAM,ON,,CA
Hamilton Commercial Printers Inc.,,,25 Cabriolet Crescent,Ancaster,ON,L9K 1K5,CA
Hamadfis Printing,,,96 Sultana Ave,Toronto,ON,M6A - 1T3,CA
Hamilton's Theatrical Supply,,,24 Progress Ave,Scarborough,ON,M1P 2Y4,CA
Hart Entertainment & Design,,,43 Gurney Crescent,Toronto,ON,M6B 1S9,CA
Hardlines & HHIQ,,,528 Queen St. E.,Toronto,ON,M5A 1V2,CA
Harlequin Enterprises ULC,,,Bay Adelaide Centre East Tower,Toronto,ON,M5H 4E3,CA
H.A.S. Marketing,,,300 Geary Ave.,Toronto,ON,M6H 2C5,CA
HAVE1.COM,,,688 10th St. W,Owen Sound,ON,N4K 3R9,CA
Hawligraph Advertising,,,570 Alden Road,Markham,ON,L3R 8N5,CA
Hawk Prints,,,25 Van Kirk Dr #5,Brampton,ON,L7A 1A6,CA
HCA/Mindbox Creative,,,"1143 Mercer St.,",Windsor,ON,N9A 1N8,CA
HD Printing Press,,,40 Snidercroft Road,Toronto,ON,L4K 0B5,CA
HDS,,,15919 Industrial Parkway,Cleveland,OH,44135-3321,US
Heartbeat Group Inc,,,185 Gailcrest Circle,Thornhill,ON,L4J 5W2,CA
HEALTH MAGAZINE(ZDOROVIE),,,5000 Dufferin St.  unit 200A,Toronto,ON,M3H 5T5,CA
Heat Saving Systems,,,"5000 Dufferin St., Unit 219",Toronot,ON,M3H 5T5,CA
H n E Copy Services Inc,,,65 Torbarrie Road,Toronto,ON,M3L 1G5,CA
Hello Etobicoke,,,"16 Brookers Lane, Suite 811",Etobicoke,ON,M8V 0A5,CA
Hello Pages Group,,,1 Hackberry Gate,Brampton,ON,L6R 1E1,CA
Hemingway Communications Inc.,,,148 Parliament St.,Toronto,ON,M5A 2Z1,CA
Henderson Printing Inc.,,,1640 California Avenue,Brockville,ON,K6V 5V5,CA
Hershey Centre,,,5500 Rose Cherry Place,Mississauga,ON,L4Z 4B6,CA
Hey Neighbour Toronto,,,183 Kinston Road,Toronto,ON,M4L 1T4,CA
H&H Graphics LLC,,,450 Corporate Woods Parkway,Vernonhills,IL,60061-4117,US
Hhinfinitegroup inc / Pizza Depot - Cambridge,,,138 Still Water st,Cambridge,ON,N2A OJ2,CA
HiColor Graphics,,,"408 Old Douglas Dam Rd,",Sevierville,TN,37876,US
High Canada,,,13085 Degraff Rd.,Mission,BC,V2V 7K7,CA
High Park Alternative Public School,,,265 Annette Street,Toronto,ON,M6P 1R3,CA
Hipskip Communications,,,"250 Shields Court , Suite 2B",Markham,ON,,CA
Hit Logic Solution,,,34 Steele Valley Court,Whitby,ON,L1R 2M4,CA
Hoco Limited,,,4960 Clifton Hill,Niagara Falls,ON,L2E 6S8,CA
Holmes Group,,,271 West 47Th Street,New York,NY,10036,US
Holiday Print & Promotions Ltd,,,"2018 Mallard Rd., #13",London,ON,N6H 5L8,CA
Homes & Cottages magazine,,,"1001 Petrolia Road,",Toronto,ON,M3J 2X7,CA
Home Style Furnishings (Toronto),,,1190 Caledonia Road,Toronto,ON,M6A 2W5,CA
Homes & Land of Kingston,,,2121 Fillmore Crescent,Ottawa,ON,K1J 6A1,CA
Homes & Land Of London,,,42 Thorncrest Cres,London,ON,N6J 1K3,CA
Home Options Furniture,,,7700 Keele Street,Vaughan,ON,L4K 2A1,CA
Homes & Land Of Peterborough,,,"10 Bardwell Way,",Sylvan Lake,ON,T4S 0M9,CA
Hometown Printing and Shipping,,,192 Route130,Bordentown,NJ,08505,US
Home Style Furniture,,,940 Queenston Road,STONEY CREEK,ON,L8G 1B7,CA
"Homes & Land Magazine,York & Durham Region",,,15 Angle Street,Caesarea,ON,L0B 1E0,CA
HOOSHMAND,,,"384 Yonge Street, Commercial Unit 1",Toronto,ON,M5B1S8,CA
Horseback Media Inc.,,,14 Reichert Court,Milton,ON,,CA
Horticultural Trades Association Inc,,,"7856 Fifth Line South , RR#4",Milton,ON,L9T 2X8,CA
House Of Life - Bayit Chayim,,,1468 O'Hara Court,Oshawa,ON,L1J 8A4,CA
Internal Customer,,,,,ON,00000,CA
Hudson River Sales,,,183 Willson St #273,Brooklyn,NY,11211,US
Hudson Valley Lighting Group,,,151 Airport Dr,Wappingers Falls,NY,12590,US
Hueneye Communications,,,"9361 Wanklyn, # 500",LaSalle,QC,H8R 1Z2,CA
Huge Paper,,,3420 Pharmacy Ave. Unit 6,Scarborough,ON,M1W 2P7,CA
Humber Institute Of Technology & Advanced Lea,,,205 Humber College Blvd,Toronto,ON,M9W 5L7,CA
Hume Media Inc.,,,66 Crockford Blvd.,Tornoto,ON,M1R 3C3,CA
Hwy 90 Signs & Printing,,,521 Dunlop St.,Barrie,ON,L4N 9W4,CA
Hype Records,,,2300 Sheepard Ave West,North York,ON,M9M 3A4,CA
Ibrahim Daniyal Campaign,,,3260 Larry Cres,Oakville,ON,L6M 0S9,CA
Ibrox Printing,,,806 Exceller Circle,NEWMARKET,ON,L3X 1P6,CA
I Can And I Will,,,7724 Anaka Drive,Mississauga,ON,L4C 3H7,CA
Icatering.Ca,,,650 Lawrence Ave West,Toronto,ON,M5A 3E8,CA
ICON  Architect Inc.,,,"4789 Yonge Street, Suite 813",Toronto,ON,M2N 0G3,CA
Icon Imaging Inc.,,,10 Nancy Lane,Hicksville,NY,11801,US
ICON Digital Productions Inc. - (INACTIVE),,,25 Sims Crescent,Richmond Hill,ON,L4B 1C9,CA
ICON Digital Productions Inc.,,,7495 Birchmount Road,Markham,ON,L3R 5G2,CA
Idezign Inc.,,,24 Aristocrat Rd.,Brampton,ON,L6P 1X7,CA
I Desizn Communication,,,885 Millard Street,STOUFFVILLE,ON,L4A 0G1,CA
Ignite Printing,,,163 Ormond St. Unit P/Q,Brockville,ON,K6V 2L3,CA
IIBC - 101103821 Saskatchewan Ltd.,,,#205 - 305 4th Ave. N,Saskatoon,SK,S7K 2L8,CA
Impressions Printing,,,233 Edward St.,St. Thomas,ON,N5P 1Z4,CA
Image Action Print,,,294A Hillcrest Road,Keswick,ON,L4P 3C8,CA
Image Canada,,,1113271 Ontario Ltd.,Markham,ON,L3R 2Z6,CA
Image Connect,,,60 Oldhill St.,Richmond Hill,ON,L4C 9T9,CA
Image Design Group,,,189 Scugog Street,Bowmanville,ON,L1C 3J9,CA
Image Enhanced Restoration,,,14-3650 Langstaff Road,Woodbridge,ON,L4L 9A8,CA
Imaging Excellence 2.0 Inc.,,,1550 Caterpillar Road,Mississauga,ON,L4X 1E7,CA
Imagen Graphics,,,"700 Chrislea Road, Unit 2",Woodbridge,ON,L4L 8K9,CA
Imagineeringart.com Inc.,,,"208 Bloor Street West, Suite 300",Toronto,ON,M5S 3B4,CA
Imageon Print Inc.,,,"164 Buttermill Avenue, Suite 1,",Vaughan,ON,L4K 3X6,CA
Imaginahome Inc.,,,"40 Wynford Drive, Unit 207B",Toronto,ON,M3C1J5,CA
ImageOn Toronto,,,204-80 Richmond Street West,Toronto,ON,M5H 2A4,CA
Image Works Media,,,17633-114 Avenue,Edmonton,AB,T5S 2R9,CA
Imedia World,,,10 North Queen Street,Etobicoke,ON,M8Z 2C4,CA
BTank Inc.,,,219 Havemeyer St,Brooklyn,NY,,US
Immanuel SeventhDay Adventist Church,,,535 Finch Ave West,Toronto,ON,M2R 3X5,CA
Impact Printers,,,1455 Toronto St.,Regina,SK,S4R 1N1,CA
Impact Printing,,,P.O Box  921,Wyoming,ON,NON 1T0,CA
Imprimerie Des Editions Vaudreuil,,,2891 Du Meunier,VaudreuilDorion,QC,J7V 8P2,CA
Impression Directe,,,118 Boulevard Hymus,POINTE CLAIRE,QC,H9R 1E8,CA
Imprimerie DOCULAND,,,5778 Avenue Royalmount,Montreal,QC,H4P 1K5,CA
Imperial Graphics,,,"6 Curity Ave. Building G, Unit 6",Toronto,ON,M4B 1X2,CA
Impression Expo,,,4309 Hogan,Montreal,QC,H2H 2N2,CA
Impressions G.A,,,2350 Thimens Blvd. #706,Montreal,ON,H4R 2L7,CA
Impulse Graphic & Display Solutions,,,"180 Traders Blvd E,",Mississauga,ON,L4Z 1W7,CA
Impression In Print,,,6155 Tomken Road,Mississauga,ON,L4W 1X7,CA
Imprimerie Jeff Jones Inc.,,,79 Sussex Drive,Beaconsfield,QC,H9W 3E9,CA
Imprimerie Katrimages,,,475 Avenue Larivi re,Saint-Jean-sur-Richelieu,QC,J2X 4N8,CA
Impact North Inc.,,,"8555 Jane Street,",Vaughan,ON,L4K 5N9,CA
Imperial Productions & Distribution Inc.,,,1220 Ellesmere Rd Unit 10,Toronto,ON,M1P 2X5,CA
imPRESSive Print Solutions,,,6355 Kennedy Road Unit 20,Mississauga,ON,L5T 2L5,CA
Impressive Printing,,,94 Cannon St. West,Hamilton,ON,L8R 2B6,CA
Improve inc.,,,7250 Keele st # 420,Vaughan,ON,,CA
Impressions Print N Sign Inc.,,,3452-91 St. NW,Edmonton,AB,T6E 5R1,CA
Inbold Printing,,,"365 Murray Ross Parkway, Unit 25",Toronto,ON,M3J 3T7,CA
Incolor Inc.,,,529 Main Street,Montcon,NB,E1C 1C4,CA
InDigital Group,,,16 Queen Elizabeth Blvd.,Toronto,ON,,CA
Inder Lekh Publications,,,2546 Bollard Drive,Mississauga,ON,L5C 3H1,CA
INFOGLOBE COMMUNICATIONS,,,931 HIGHLAND RD. EAST,HAMILTON,ON,L8J 3G1,CA
Info Empire Inc.,,,500 Dufferin St.,Toronto,ON,M3H 5T5,CA
Infiniti Printing Solutions,,,"1111 Finch Ave. West, Units 41 &43",North York,ON,M3J 2E5,CA
In House Printing,,,1625 Flint Rd,Toronto,ON,M3J 2J6,CA
INKAS Group of Companies,,,64 Signet Drive,Toronto,ON,M9L2Y4,CA
Inked Images,,,10520 Yonge Street,Richmond Hill,ON,L4C 3C7,CA
Inkwell Marketing Inc.,,,393 Sutherland Drive,Toronto,ON,M4G 1K1,CA
Innovative Business Solutions,,,"1386 Gilford Road, Box 113",Gilford,ON,L0L 1R0,CA
Innovative Design & Print Inc.,,,4082 Perth Line 72,Millbank,ON,N0K 1L0,CA
Insurance Depot Ltd.,,,2682 Islington Ave.,Etobicoke,ON,M9V 2X5,CA
Inspired Thinking,,,60 Victoria Street West,Alliston,ON,L9R 1T9,CA
INTER-CITY PRINTING,,,90 Northline Road Unit 7A,Toronto,ON,M4B 1E5,CA
"Intermedia Cnslts, Inc.",,,113 Westerly Rd.,Princeton,NJ,08540,US
Integraph,,,"115 Hillcrest Ave., Suite 2315",Mississauga,ON,L5B 3Y9,CA
International Print & Design Inc.,,,1 Regan Road (#14),Brampton,ON,L7A 1B8,CA
Integrity Fiber,,,,,OH,,US
Interkom Inc.,,,PO Box 35085 Essa Road RO,Barrie,ON,L4N 5Z2,CA
Intersant Inc.,,,1274 49th street suite 404,Brooklyn,NY,11219,US
Intercultural Iranian Canadian Res. Ctr.,,,504 Blythwood Road,Toronto,ON,M4N 1B2,CA
Intelligent Magazine,,,5000 Yonge St. Unit 1901,North York,ON,M2N7E9,CA
International Printing And Publishing Inc,,,"264 Grantham Ave., Unit 610",St. Catharines,ON,,CA
Interglobo Trading Inc.,,,2424 Finch Avenue West,North York,ON,M9M 2E3,CA
InvestorCOM,,,70 Easton Road,Brantford,ON,N3P 1J5,CA
Invision Promotion,,,2011-300 Antibes Drive,Toronto,ON,M2R 3N8,CA
IPML Total Solutions  Inc.,,,129 Creemer Ave.,Iselin,NJ,08830,US
I Print Express Inc.,,,"147 Citation Drive, Unit 33",Vaughan,ON,L4K 2P8,CA
IQ Media,,,6 Bakerville Street,Whitby,ON,L1R 2K3,CA
ISA International Inc.,,,46 Dufflaw Road,Toronto,ON,M6A 2W1,CA
Islamic Shia IthnaAsheri Jammat Of Toronto,,,9000 Bathurst Steet,Thornhill,ON,L4J 8A7,CA
1st Forms,,,3560 Odyssey Drive (unit # 1),Mississauga,ON,L5M 0Z9,CA
ITB Marketing,,,310 Burnhamthorpe Road W # 2802,MISSISSAUGA,ON,L5B 4P9,CA
It Is Written Canada,,,95 Clarence Biesenthal Drive,Oshawa,ON,L1K 2H5,CA
Georgian Bay Wedding Society,,,"79 Lockerbie Cres,",Collingwood,ON,L9Y OY8,CA
Ivan Erchov,,,1206 Mitchell Crt,Innisfil,ON,L9S5A5,CA
iVRTours Inc.,,,"283 Danforth Ave, Suite 433",Toronto,ON,M4K 1N2,CA
IWI Consulting Group Inc,,,310-80 Acadia Ave,Markham,ON,L3R 9V1,CA
IXL Graphics Inc.,,,23265 Country Club Drive,South Lyon,MI,48178,US
Jacor Marketing,,,10-8708 Dufferin Street,Concord,ON,L4J 0A6,CA
Jade Communications Inc.,,,12275 Woodbine Ave.Suite 206,Stouffville,ON,L0H 1G0,CA
J.A.D.Marketing,,,45 Greenbriar Road,Brampton,ON,L6S 1V8,CA
Jadval.Com Inc.,,,3 Earnshaw Drive,Markham,ON,L6C 0E5,CA
JAIN SOCIETY OF TORONTO INC.,,,48 Rosemeade Avenue,Etobicoke,ON,M8Y 3A5,CA
Jai Sukhu Insurance and Financial Services In,,,"720 Tapscott Road, Suite 102",Scarborough,ON,M1X 1C6,CA
J & A Marketing,,,88 Aldwych Ave.,Toronto,ON,M4J 1X6,CA
James G,,,15-7591 Scholfield Road,Niagara Falls,ON,L2J 4E5,CA
James G Print Media Associates,,,15-7591 Scholfield Road,Niagara On The Lakes,ON,L2J 4E5,CA
Jamnik  Graphics,,,41 Courtland Ave.,Concord,ON,L4K 5A9,CA
Jammu Law Office,,,1300 Steels Ave. E.,Brampton,ON,L6T 1A2,CA
Jamaica National Group Expo,,,c/o JN Canada Foundation,Toronto,ON,M6C 2E6,CA
James Printing & Signs,,,66 Kings Street West,Bowmanville,ON,L1C 1R4,CA
Jarheadesign,,,17 Glen Cedar Rd,Toronto,ON,M6C 3E9,CA
Jerry Pizza,,,752 Rue Jarry O,Montreal,QC,H3N 1G6,CA
Jason Alexander Co.,,,1581 Matheson Blvd.,Mississauga,ON,,CA
Jashanpreet Singh Services Inc.,,,261 Royal Salisbury way,Brampton,ON,L6V 3G4,CA
JAX 360,,,1102 Short Point Road,Lyndhurst,ON,K0E 1N0,CA
Jay Scotts Collection,,,410 SW 4th Terrace,Dania Beach,FL,33004,US
JB23 International Auctions,,,30 Mancini Cres,Richmond Hill,ON,L4E 0T1,CA
JBS Graphic Communications Inc.,,,"6221 Hwy.7 , Unit 11",Vaughan,ON,L4H 0K8,CA
JD Property Canada Corp.,,,"7100 Woodbine Ave, Suite 301",Markham,ON,L3R 0M3,CA
JDJ Printing,,,65 Vitlor Dr,Richmondhill,ON,L4E 0G3,CA
JD Oral Care mfg inc.,,,"8 Automatic Rod, Unit:- 10B",Brampton,ON,L6S 5N4,CA
JD PRINT,,,3008 Corunna Road,Flint,MI,48503,US
Jefferson Homes Ltd.,,,2340 Wickerson Rd.,London,ON,,CA
Jetstream Graphics,,,464 E 13th Street,Hamilton,ON,L9A 4A6,CA
Jet Media Group,,,45 Dalkeith Drive,Brantford,ON,N3P 1M1,CA
JEV Marketing Inc.,,,2880 TEMPLE DRIVE SUITE 200,WINDSOR,ON,N8W 5J5,CA
JFB Auction Group,,,7 Fallen Oak Street,Scarborough,ON,M1X 1V7,CA
JGC Printing,,,18 Renee Crescent,Garson,ON,P3L 1B7,CA
JGE Transport,,,14016 Pinkerton Sideroad,Essex,ON,N8M 2X6,CA
JH FRENCH & CO. LTD.,,,293 Mary Street,Hamilton,ON,L8L 4W3,CA
JHRO Wholesale Inc.,,,6170 Rocky Mount Road,Grante Falls,NC,28630,US
Jig Jag Printing Inc.,,,458 Woody Road,Oakville,ON,L6K 3T6,CA
Jimmy Tees Promo,,,"3400 Landmark Rd, Unit 3",Burlington,ON,L7M 1S8,CA
Jio Graphics,,,3 Haggert Ave. S,Brampton,ON,L6Y 2C1,CA
J&J Manufacturing,,,15 Keefer Road,St. Catharines,ON,L2M 6K4,CA
JJS,,,33 West Beaver Creek Road,Richmond Hill,ON,L4B 1L8,CA
JK Brothers (2067825 Ontario Inc.),,,"16 Alovera St,",Brampton,ON,L6P 4B8,CA
JLS Entertainment Inc.,,,642 Third Street,Mississauga,ON,L5G 1R9,CA
JMR Business Systems,,,17 Fenwick Place,Waterdown,ON,L0R 2H5,CA
JMS Printworks Inc.,,,607 Princess Street,Woodstock,ON,N4S 4H3,CA
Joanne Moreau,,,"8386 Racey Avenue,",Niagara Falls,ON,L2H 3M7,CA
Johnathan Star Graphics,,,64 Wickstead Cres.,Brampton,ON,L6R 1N8,CA
Jonarts Printing,,,"9010 Park Ave,",Montreal,QC,H2N 1Y8,CA
Journal Printing,,,34 Fir Lane,Sudbury,ON,P3E 4P2,CA
JR Printing,,,115156 Quarry Road,North Cobalt,ON,POJ 1R0,CA
JR Rowell Printing Company Inc.,,,1929 Reynolds Ave,North Charleston,SC,29405,US
JR SHOOTER INC.,,,100 Downing Blvd,Thornhill,ON,L4J 7N4,CA
JSM Print & Design,,,58 Giza Crescent,Brampton,ON,,CA
J Sutton Communications Inc,,,404-401 Richmond Street West,Toronto,ON,M5V 3A8,CA
J.T. Graphic Productions Inc.,,,120 Willis Road,Woodbridge,ON,L4L 2S2,CA
Judit Gueth Design,,,154 Mcallister Rd.,Toronto,ON,M3H 2N7,CA
Juio Networks Inc.,,,44 Havelock Gate,Markham,ON,L3S 3X6,CA
Julie Glick,,,66 Bastedo Ave.,Toronto,ON,M4C 3M9,CA
Junction Forum For Art And Culture,,,2968 Dundas Street West,Toronto,ON,M6P 1Y8,CA
Jupiter Fast Print,,,800 Steeles Ave. West Unit B3,Vaughan,ON,L4J 7L2,CA
Justin Case & Bag Designs,,,"498 Markland St., Unit# 1",Markham,ON,L6C 1Z6,CA
Just Direct Promotions,,,"104-155 Main St E, Suite 149",Grimsby,ON,L3M 1P2,CA
Just Rush Express,,,65 Sun Pac Boulevard,Brampton,ON,L6S 5P6,CA
Justsigns.Ca,,,460 York Road,Guelph,ON,N1E 3H8,CA
JVCKENWOOD Canada Inc.,,,6070 Kestrel Road,Mississauga,ON,L5T1S8,CA
Kaiser Signs & Print,,,10520 Yonge Street 35B-172,Richmond Hill,ON,L4C 3C7,CA
Kaj Creative,,,49 St. Clair Ave W.,Toronto,ON,M4V 1K6,CA
Kalyn Imports Ltd,,,3520 Pharmacy Avenue,Scarborough,ON,M1W 2T8,CA
Kantium Development& Construction,,,279 Sheppard Ave.West,Toronto,ON,M2N 1N4,CA
Kanric International,,,164 Kingshill Road,Richmond Hill,ON,L4E 4V5,CA
Kan Sales,,,140 Fernstaff Crt.,Concord,ON,L4K 3L8,CA
Kanwaljitkanwal PREC.,,,2 Black Hills Court,Brampton,ON,L6R 1J5,CA
Kapelle BHN,,,112-4 Silver Maple Crt.,Brampton,ON,L6T 4R2,CA
Kartina Canada Inc.,,,"401-1110 Finch Ave W,",North York,ON,M3J 3J4,CA
Karma Direct,,,"10 Lisa Street, Suite 1501",Brampton,ON,L6T 4N4,CA
Karrots Inc.,,,906-9225 Jane Street,Maple,ON,L6A 0J7,CA
Katherine Widziak,,,806 Belhaven Crescent,Burlington,ON,L7T 2J6,CA
Kawartha Home/Cottage Guide,,,PO Box 2306,Peterborough,ON,K9J 7Y8,CA
The Corporation of The City of Kawartha Lakes,,,"26 Francis Street, PO Box 9000",Lindsay,ON,K9V 5R8,CA
KB DESIGNS,,,759 Peter Robertson Blvd.,Brampton,ON,L6R 0R1,CA
KCG Marketing Services Inc.,,,2140 Winston Park Drive,Oakville,ON,L6H 5V5,CA
K-Dental Inc,,,800 Cochrane Drive,Markham,ON,L3R 8C9,CA
Kelly Amos,,,173 River Oak Blvd  W.,Oakville,ON,L6H 3S7,CA
Kempenfelt Windows Ltd.,,,"92 Commerce Park Drive, Unit 1",Barrie,NU,L4N 8W8,CA
Kerr Bros. Limited,,,2351 Winston Park Drive,Oakville,ON,L6H 6R7,CA
Kern Print Limited,,,8 McCartney Drive,Caledon East,ON,L7C 0B6,CA
Kesri Pages Inc.,,,"1332 Khalsa Drive , Unit 22",Mississauga,ON,L5S 0A2,CA
Kevin Briones,,,"103 The Queensway, Suite 2609",Toronto,ON,M6S 5B3,CA
Keweenaw Convention & Visitors Bureau,,,56638 Calcumet Avenue,CALUMET,MI,49913,US
Keyline Advertising Inc.,Dick,Verbeek,"63 Jack Poole Drive,",Woodstock,ON,N4S 8V9,CA
Key Cursor Graphics Inc.,,,53 Cairns Drive,Markham,ON,L3P 6G9,CA
Keykorp,,,34 Robbie Avenue,Toronto,ON,M3H1Y4,CA
Kheradmand Graphics,,,8131 Yonge St. # 207,Thornhill,ON,L3T 2C6,CA
K.H.R.D. Publications,,,7711 Young St.,Thornhill,ON,L3T 2C4,CA
KickStart Marketing & Design Inc.,,,"90 Sumach Street, Suite # 608",Toronto,ON,M5A 4R4,CA
Kick Media Group Inc,,,9 - 7045 Tranmere Drive,Mississauga,ON,L5S 1M2,CA
Kingston Economic Development Corportation,,,420 - 366 King St. E.,Kingston,ON,K7K 6Y3,CA
Kinderlech Inc,,,300 Elvin St,Staten Island,NY,,US
King Network Inc.,,,"100 Symes Rd, 104B",Toronto,ON,M6N 0A8,CA
Kings Web Print Inc.,,,1340 Aerowood Drive,Mississauga,ON,L4W 1C1,CA
Kiromina Graphic Design,,,912-1338 York Mills Road,Toronto,ON,M3A 3M3,CA
KJS Print Service Inc.,,,180 Southgate Drive,Guelph,ON,N1G 4P5,CA
KKP Design & Printing,,,655 Arlington Park Place,Kingston,ON,K7M 7E4,CA
KKP Meyerside,,,"1075 Meyerside Dr,",Mississauga,ON,L5T 1M3,CA
Allegra - Oakville,,,1030 Speers Rd,Oakville,ON,L6L 2X4,CA
Kleiser Media,,,62 Grey Lane,Barrie,ON,L4N 7T1,CA
KNet Solutions,,,3608 Waterfall Crescent,Mississauga,ON,L5N 8G8,CA
KNGMEDIA,,,101 Donnamora Crescent,Markham,ON,L3T 4K6,CA
Knightworks Design Ltd.,,,"17075 Leslie St. , Unit 29",Newmarket,ON,L3Y 8E1,CA
Knights Of Columbus,,,6101 North St.,NIAGARA FALLS,ON,L2G 1J7,CA
KNS Graphics,,,11 Delmark Blvd.,Markham,ON,L3P 3Y8,CA
Kobe Sportswear Inc.,,,791 Tapscott Road,Scarborough,ON,M1X 1A2,CA
Kojak Graphic Communications,,,11 North Court Street,Westminster,MD,21157,US
Korhani Import Export Inc,,,7500 Keele St.,Concord,ON,L4K1Z9,CA
Korosi Innovations Ltd.,,,"30 Concourse Gate, Suite 39",Ottawa,ON,K2E 7V7,CA
Korhani Manufacture Inc.,,,7500 Keele St.,Concord,ON,L4K 1Z9,CA
Kreative Marketing,,,"2040 Danforth Ave,",Toronto,ON,,CA
Kryzma Design Studios,,,1321 Alder Road,Cobourg,ON,L4K 1G4,CA
Kurz Design,,,"535 Queen Street East, Studio 6",Toronto,ON,M5A 1V1,CA
Kuus Inc.,,,"450 Tapscott Rd., Unit 6",Toronto,ON,M1B 1Y4,CA
KUUsport Mfg. Ltd.,,,"450 Tapscott Road, Units 5 & 6",Toronto,ON,M1B 1Y4,CA
Kwik Kopy Design & Print Centre (Stoney Creek,,,903 Barton Street,Stoney Creek,ON,L8E 5P5,CA
Kwik Signs,,,4 Easy Street,Port Perry,ON,L9L1A0,CA
Label Haus Printing Shop,,,340 Don Park Road,Markham,ON,L3R 6C5,CA
Labour Point,,,2559 Hurontario Street,Mississauga,ON,L5B 1N5,CA
Lacasse Printing Company Ltd.,,,11670 County Road 42,Tecumseh,ON,N8N 3C4,CA
Lakeside Graphics,,,1278 Maple Road,Lefroy,ON,LOL 1W0,CA
Lake Huron Shoreline Tourism Partners .C/O Ki,,,1802 Highway 21,KINCARDINE,ON,N2Z 2X4,CA
LAKESIDE PRINTING,,,81 Shuswap NW,Salmon Arm,BC,V1E 4R8,CA
L'AMOREAUX COLLEGIATE INSTITUTE,,,2501 Bridletowne Cir.,Scarborough,ON,M1W 2K1,CA
LamaTV Inc.,,,P. O. Box 40042 Joshua Creek,Oakville,ON,L6H0G1,CA
L and M Uniserve,Morris,Wizel,701 Avenue O,Brooklyn,NY,11230,US
Landmark General Products,,,7676 Woodbine Ave. Unit 5,Markham,ON,L3R 2N2,CA
Laser Cosmetics Clinic Inc,,,3050 Artesian Dr.,Mississauga,ON,L5M 7P5,CA
La Societe,,,131 Bloor Street West,Toronto,ON,M5S 3L7,CA
Laser Reproduction,,,388 Carlaw Avenue,Toronto,ON,M2M 2T4,CA
Laudable Print Solutions,,,2037 Gatineau View Crescent,Gloucester,ON,K1J 7W9,CA
Lazarus Bleau Inc,,,710 Dorval Drive unit 500,Oakville,ON,L6K 3V7,CA
LB Canada,,,3250 Bloor Street West Suite 600,Toronto,ON,M8X 2X9,CA
LCBO H.O. Freeland,,,100 Queens Quay East - 9th floor,Toronto,ON,M5E 0C7,CA
Left Brain Marketing,,,3308 Cindy Cres.,Mississauga,ON,L4Y 3J6,CA
Legacy Print & Promotion Inc.,,,3 Austin Lane,Foxborough,MA,02035,US
LENBY BUSINESS FORMS INC.,,,6919 County Road 27,Innisfil,ON,L9S 3H8,CA
Levitt Safety,,,2872 Bristol Circle,Mississauga,ON,L6H 5T5,CA
Liberal Party of Canada (Ontario),,,"10 St. Mary Street, Suite 420",Toronto,ON,M4Y 1P9,CA
Lifestyle Canada,,,20C Robert St. W.,Newcastle,ON,L1B 1C6,CA
Life Cycle Books Ltd.,,,"11 Progress Ave, Unit 6",Toronto,ON,M1P 4S7,CA
Lifestyle Save Inc.,,,132 Drinkwater Rd.,Brampton,ON,L6Y 5C3,CA
Lighthouse Immersive Inc.,,,"320 Davenport Road, Suite 200",Toronto,ON,M5R1K6,CA
Lighthouse Magic Maze Inc.,,,"320 Davenport Road, Suite 200",Toronto,ON,M5R 1K6,CA
L.I. Herald,,,2 Endo Boulevard,Garden City,NY,11530,US
Lilit Hakobayan/Royal Lepage,,,8854 Yonge Street,Toronto,ON,L4C 0T4,CA
Lime Media,,,3 Charlotte Avenue,Oro-Medonte,ON,L0L 1T0,CA
Lindsay Copy Shoppe,,,232 Kent Street West,Lindsy,ON,K9V 6A4,CA
Lina Graphics,,,115 George Appleton Way,TORONTO,ON,M3M 0A2,CA
Links Marketing Group,,,1371 Marshall Crescent,Milton,ON,L9T 6N4,CA
Link Media Company,,,2 Robert Speck Parkway -Suite 750,Mississauga,ON,L4Z 1H8,CA
Lindomar Printing,,,14 Theobald'S Circle,Richmond Hill,ON,L4C 9C7,CA
Lincorp Solutions Inc,,,86 Queen St North,Kitchener,ON,N2H 2H5,CA
Lintec Print Soloutions,,,161 Hachborn Road,Brantford,ON,N3S 7W7,CA
Lions Bridge Group Inc.,,,93 Rose Glen Road S,Port Hope,ON,L1A 3B6,CA
LithoRg,,,"2650, Croissant Anjou",Brossard,QC,J4Z 3B6,CA
Lithoweb Inc,,,730 Hardwick Road,Bolton,ON,L7E 5R4,CA
Little Rock Printing,,,"124, 1011 9 Avenue SE,",Calgary,AB,T2G 0H7,CA
LiveDifferent,,,Suite 111 - 1429 Main St. E.,Hamiltton,ON,L8K 1C2,CA
Llewellyn & Mckane,,,31 Hill Street,Wilkes-Barre,PA,18702,US
L.L.H. PRINTING SERVICES,,,,OSHAWA,ON,,CA
Lloydmedia Inc.,,,302-137 Main Street North,Markham,ON,L3P 1Y2,CA
LMI Lithographers Ltd.,,,1380 Matheson Blvd. East,Mississauga,ON,L4W 4P8,CA
LMNO Consulting,,,#3 -3002 Louise Street,Saskatoon,SK,S7J 3L8,CA
LOCAL MAGAZINE,,,2255B Queen Street East,Toronto,ON,M4E 1G3,CA
LocalHood Marketing,,,28 Chesterfield Road,Brampton,ON,L6W 1K9,CA
Logos Graphics & Printing,,,458 Mcnicoll Ave.,North York,ON,M2H 2E1,CA
Logic Marketing Group,,,P.O Box 1106,Plymouth,MA,02362-1106,US
LOG-ON Computer & Mailing Services Inc.,,,"520 8th Avenue, Fl 14",New York,NY,10018,US
Logo Print,,,246 Wedgewood Drive,Woodstock,ON,N4T 0J1,CA
Lombardi Publishing,,,7000 Pine Valley Drive,Woodbridge,ON,L4L 4Y8,CA
Longo Brothers Fruit Markets,,,8800 New Huntington Rd.,Vaughan,ON,L4H 3M6,CA
London Business Forms Ltd.,,,100 Towerline Place,London,ON,N6E 2T1,CA
London Retail Service Centre,,,955 Wilton Grove Road,London,ON,N6N 1C9,CA
Loo Harvest Group,,,103 The Queensway Suite 1301,Toronto,ON,M6S 5B3,CA
Lory Macdonald Productions Inc,,,2 Townley Street,Nottawa,ON,L0M 1P0,CA
Lover's Choice Inc.,,,1235 Kings College Drive,Oakville,ON,L6M 2V1,CA
L.R. Graphics,,,6290 Lavery Court,Mississauga,ON,L5N 3G2,CA
LSM Web & Printing Ltd.,,,185 Brimley Road,Scarborough,ON,M1M 3J1,CA
L. T. Advertising And Design,,,146 Laird Drive,Toronto,ON,M4G 3V7,CA
Lucidia Ltd.,,,123 March St.,Sault Ste Marie,ON,P6A 2Z5,CA
Lucy Rapkin & Associates,,,39 Mintwood Road,Thornhill,ON,L4J 9L3,CA
Lucida Surfaces,,,55 Haul Rd.,Wayne,NJ,07470,US
Luxe Media Inc.,,,14763 Marine Drive,White Rock,BC,V4B 1B9,CA
LVP.Ca,,,"505 Fernand Poitras,",Terrebonne,QC,J6Y 1Y5,CA
LYCATEL LLC,,,"24 COMMERCE ST, STE 100",NEWARK,NJ,07102,US
M3 Print Solutions,,,8 Thornbury Road,Bolton,ON,L7E-1J5,CA
Mack Media,,,3-19 Curity Ave,Toronto,ON,M4B 1X4,CA
Mackenzie Promotions,,,147 Blanche Road,Astorville,ON,P0H 1B0,CA
MACHINESDIRECT UK LTD.,,,Thornes Lane Wharf,"Wakefield,UK",ZZZZZZ,,US
MadCat Creative,,,72 First Ave.,Uxbridge,ON,L9P 1J8,CA
Magnolia  Creative,,,606 Ferndale Ave,Fort Erie,ON,L2A 5C8,CA
Magnificat,,,2194 Kipling Ave.,Etobicoke,ON,M9W 4K9,CA
Magnum Opus Group,,,31 Torbarrie Road,Toronto,ON,M3L 1G5,CA
Magic Press,,,141 West Broadway,Vancouver,BC,V5Y 1P4,CA
Magenta Print,,,100 Leek Crest Unit # 6,Richmond Hill,ON,L4B 3E6,CA
Markham Historical Society,,,"10,292 McCowan Road",Markham,ON,L3P 3J3,CA
Main St. Group Inc.,,,640 Main St.,Woodstock,ON,N4S 8Y5,CA
Majic Paper,,,"8241 Keele Street,",Concord,ON,L4K 1Z5,CA
Make my design.ca,,,290 carlingview drive,Etobicoke,ON,,CA
Makado Printing & Graphics,,,4081 Pheasant Run,Mississauga,ON,L5L 2C2,CA
Makro Vision Inc.,,,2415 Hixon Street,Oakville,ON,L6L 1T9,CA
2755060 ONTARIO INC. / Mammas Pizza,,,"2 Automatic Road, Unit 122",Brampton,ON,L6S 6K8,CA
Manhatten Digital Direct,,,"519 8th Avenue, 3rd Floor",New York,NY,10018,US
Management Graphics 2000,,,242 Applewood Crescent Unit 4,Concord,ON,L4K 4E5,CA
Manroland Inc.,,,119 Westcreek Drive,Vaughan,ON,L4L 9N6,CA
Mana Marketing and Creative,,,"48 George Street , Suite 2",Toronto,ON,M8V 2S2,CA
Makos Group,,,60 Basaltic Rd. Unit 20,Concord,ON,L4K 1G7,CA
Manntel Print & Signs,,,2574 St. Clair Ave W,Toronto,ON,M6N 1L8,CA
Man Printing,,,7504 Bath Rd.,Mississauga,ON,L4T 1L2,CA
Manitoulin Pub. Co. Ltd.,,,1 Manitowaning Road,Little Current,ON,P0P 1K0,CA
Mansfield Rodney Printing,,,99 Bank St. Suite B101,Ottawa,ON,KIP 6B9,CA
Maple Guides,,,701 Evans Ave.,Toronto,ON,M9C 1A3,CA
Maple Printing,,,2053 Williams Pkwy. Unit 29,Brampton,ON,L6S 5T4,CA
Mac Print,,,34 Whyte Avenue,Dryden,ON,P8N 2Y4,CA
MapWorld services 2000,,,102 101 6 ave sw,Calgary,AB,T2P 3P4,CA
Marketing And Promotion Services,,,"140 Autumn Hill,",Thornhill,ON,L4J 8Y9,CA
Marlin Digital Imaging Inc.,,,"30 East Beaver Creek Road, Unit 101",Richmond Hill,ON,L4B 1J2,CA
Markham Economist,,,50 McIntosh Drive,Markham,ON,L3R 9T3,CA
Marking Equipment & Engraving Limited,,,400 Esna Park Drive,Markham,ON,L3R 3K2,CA
Markham Economist & Sun,,,50 McIntosh Drive Unit 15,Markham,ON,L3R 5H6,CA
Marc Gordon,,,"1136 Centre Street, Suite 301",Thornhill,ON,L4J 3M8,CA
Martin & Hillyer Law Associates,,,2122 Old Lakeshore Road,Burlington,ON,L7R 1A3,CA
Maria Ho,,,852 Scollard Court,Mississauga,ON,L5V 2R5,CA
Markham Economist-Sun/Richmond Hill Liberal,,,580 B Steven Court,Newmarket,ON,L3Y 6Z2,CA
Markham Historical Society,,,9350 Mardham Road,Markham,ON,L3P 3J3,CA
Marketing Kitchen,,,"498 Markland St., Unit 5",Markham,ON,L6C 1Z6,CA
Marketingedge Magazine,,,5-25 McIntyre Place,Kitchener,ON,N2R 1H1,CA
Markham Stouffville Hospital FOUNDATION,,,"381 Church Street, PO BOX 1800",Markham,ON,L3P 7P3,CA
Marwick Manufacturing Inc.,,,6325 Northwest Drive,Mississauga,ON,L4V 1P6,CA
Markham Print Direct,,,"101 Amber St, Unite 10",,ON,L3R 3B2,CA
Maracle Press Limited,,,1156 King Street E.,Oshawa,ON,L1H 1H8,CA
Markham Road Recycle,,,2010 Ellesmere Road,Toronto,ON,M1H 3B1,CA
Maryam Salehi-rad,,,208 Elmwood Ave,Toronno,ON,M2N 3M6,CA
Markham Stouffville Hospital Foundation,,,381 Church Street,Markham,ON,L3P 7P3,CA
Marketing Tech,,,"2495 Main Street, Suite 220",Buffalo,NY,14214-2154,US
Master Automotive Supply,,,129 Centre St. E,Richmond Hill,ON,L4C 1A5,CA
Mass Media Advertising & Publishing,,,233 Equator Crescent,MAPLE,ON,L6A 2Y1,CA
Mass Media Services,,,137-1140 Burnhamthorpe Road West,Mississauga,ON,L5C 0A3,CA
Master Printing Usa Inc.,,,192 New York Ave,Island Park,NY,11558,US
Master Marketing & Publishing,,,777C THE QUEENSWAY,Toronto,ON,M8Z 1N4,CA
Master Printing,,,"80 Jutland Road, Suite 300A",Toronto,ON,M8Z 2H1,CA
Master Web Inc.,,,8-3550 Wolfedale Road,Mississauga,ON,L5C 2V6,CA
Maud Street Prining Services,,,544 King Street WEST,Toronto,ON,M5V 1M3,CA
Maverick Designs,,,2245 Meadowland Drive,Oakville,ON,L6H 6H2,CA
Maxfara Graphics,,,10 Haymer Drive,Vaughan,ON,L6A 3K9,CA
Maxart Inc.,,,117 Mill Street South,Brampton,ON,L6Y 1T4,CA
Max Magazine,,,2000 Appleby Line,Burlington,ON,L9L 7H7,CA
Max Printing Centre,,,1050 Mcnicoll Ave.,Toronto,ON,M1W 2L8,CA
Maxxit Systems Inc.,,,1000 Martin Grove,Toronto,ON,M9W 4V8,CA
Maya Promotion & Printing,,,185 Denison St.,Markham,ON,L3R 1B5,CA
Mayarad Realestate Inc.,,,8 Sampson Mews,North York,ON,M3C 0H5,CA
MBC Graphics Print Inc.,,,102 Cairns Drive,Markham,ON,L3P 6K6,CA
Mbiotech (Master Of Biotechnology Office),,,University Of Toronto Mississauga,Mississauga,ON,L5L 1C6,CA
Mcbrain Sharp Marketing & Communication,,,15 Church Street,St.Catharines,ON,L2R 3B5,CA
McCann Print Solutions Inc.,,,P.O Box 51074 Highlands PO,Edmonton,AB,T5W 5G5,CA
Mcinnis Design,,,"13-3120 Rutherford Road, Unit 267",Concord,ON,L4K 0B2,CA
Mcintyre Media Inc.,,,203-75 First St,Orangeville,ON,L9W 5B6,CA
McKenzie Seeds,,,1000 Parker Blvd.,Brandon,MB,R7A 6E1,CA
Mcnue,,,11 John Stocks Way,Thornhill,ON,L3T 0E9,CA
MC Paper Trading Inc.,,,6431 11th Line,Thornton,ON,L0L 2N2,CA
MCRL Overseas Printing Inc.,,,207 Edgeley Blvd,Vaughan,ON,L4K 4B5,CA
Medallion Developments (Castlestone) Ltd.,,,"970 Lawrence Ave. West, Suite 304",Toronto,ON,M6A 3B6,CA
Medallion Developments (Castlefield) Ltd.,,,"970 Lawrence Ave. West, Suite 304",Toronto,ON,M6A 3B6,CA
MediaEdge Communications Inc.,,,"2001 Sheppard Ave E, Suite 500",North York,ON,M2J 4Z8,CA
Medallion Developments (Springbrook) Ltd.,,,"970 Lawrence Ave. West, Suite 304",Toronto,ON,M6A 3B6,CA
Medallion Developments (Dryden) Ltd.,,,"970 Lawrence Ave. West, Suite 304",Toronto,ON,M6A 3B6,CA
Medialinx,,,60 Creditview Road,Vaughan,ON,L4L 9N4,CA
MEDIAPLUS VILLAGE,,,"311 George Street, North, Unit LL5",Peterborough,ON,K9J 3H3,CA
Media Incite Design + Print Group,,,1041 Avenue Road,Toronto,ON,M5N 2C5,CA
Media Solutions (Cdn),,,"10 Tower Lane, Suite 310",Avon,CT,06001,US
Medallion Developments (Lytton park )Ltd.,,,"970 Lawrence Ave. West, Suite 304",Toronto,ON,M6A 3B6,CA
MedRose Pharmacy,,,200 County Court Blvd. Unit C,Brampton,ON,L6W 4K7,CA
Mediaplanet,,,"30-34 Duncan Street, Suite 202",Toronto,ON,M5V 2C3,CA
Media Printing & Design Services,,,90 Nolan Court,Markham,ON,L3R 4L9,CA
Media Sales,,,90 Nolan Crt,MARKHAM,ON,L3R 4L9,CA
Media Solutions (USD),,,"10 Tower Lane, Suite 310",Avon,CT,06001,US
Medallion Developments (Tanglewood) Ltd.,,,"970 Lawrence Ave. West, Suite 304",Toronto,ON,M6A 3B6,CA
Mediatrek,,,3860 boul. Notre-Dame Suite 304,Laval,QC,H7V 1S1,CA
Medallion Developments (Valleybrooke) Ltd,,,"970 Lawrence Ave. West , Suite 304",Toronto,ON,M6A 3B6,CA
Media Vision,,,1332 Khalsa Drive,Mississauga,ON,L5S 2A0,CA
MEF - ERICA,,,2396 MARISA COURT,Mississauga,ON,L5K 2P5,CA
M.E.F. Graphics,,,3045 Southcreek Rd # 39,Mississauga,ON,L4X 2X7,CA
Mekker Construction Ltd.,,,#27-130 Lepage Court,Toronto,ON,M3J 3J1,CA
Melmar Print Management Inc.,,,"401 Magnetic Drive , Unit 37",Toronto,ON,M3J 3H9,CA
Mel Printing,,,"6000 Pardee Road,",Taylor,MI,48180,US
"Member Of Parliament , Markham Unionville",,,200 Town Centre Blvd. # 400,Markham,ON,L3R 8G5,CA
Memorial University Of Newfoundland,,,Elizabeth Avenue,St. Johns,NL,A1C 5S7,CA
Meridian Communications Group,,,2750 Robie Street,Halifax,NS,B3K 4P2,CA
Mermaid Inc.,,,493 Browns Line,Toronto,ON,M8W 3V1,CA
Merchandising Matters Inc.,,,"1135 Royal York Road, Suite 805",Toronto,ON,M9A 0C3,CA
Merlin Printing Inc.,,,215 Dixon Avenue,Amityville,NY,11701,US
Metroland Media Toronto,,,175 Gordon Baker Rd,Toronto,ON,M2H 0A2,CA
Metroland Media - Durham Region,,,865 Farewell St.,Oshawa,ON,L1H 6N8,CA
Metroland Media Group Ltd.,,,8 Spadina Ave. 10th Florr,Toronto,ON,M5V 0S8,CA
Metropolitan Technologies,,,5695 Peachtree Corners East,Norcross,GA,30071,US
Mexely Marketing Inc.,,,"2100 Steeles Ave. W , Suite 202",Concord,ON,L4K 2Y7,CA
Mgb Marketing & Communications Inc.,,,55 Administration Road,Concord,ON,L4K 4G9,CA
MG INTEGRITECH,,,370 Stonehenge Drive # 21,Ancaster,ON,L9K 0H9,CA
MGS Marinos,,,1315 Lawrence Ave. E. Suite 410,Toronto,ON,M3A 3R3,CA
M.Hughes Sales,,,320 Williams Ave,Milton,ON,L9T 2G2,CA
Micro Printing Ltd,,,1580 Trinity Drive,Mississauga,ON,L5T 1L6,CA
Mi Creatives LLC.,,,56239 Edgewood Drive,Shelby Township,MI,48316,US
Mirco Signs,,,116 Win Timbers Cres,Stouffville,ON,L4A 0Z1,CA
Mid Atlantic Design & Print,,,8422 Bellona Ln Ste 304,Towson,MD,21204,US
Midbrain Corp.,,,93 - 202 Church Street,Keswick,ON,L4P1J0,CA
Middlesex Printing Corporation,,,966 Leathorne Street,London,ON,N5Z 3M5,CA
Midstate Printing Group,,,"1234 Summer Street, Ste 304",Stamford,CT,06905,US
Miibo,,,400 Town Centre Court,Scarborough,ON,M1M 1M1,CA
Mike Baverstock,,,"1945 Dundas Street East,",Mississauga,ON,L4X 2T8,CA
Milan Printing & Signs,,,"66 Milvan Drive, Unit# 9",Toronto,ON,,CA
Millenium,,,10-7003 Steeles Ave W,Toronto,ON,M9W 0A2,CA
Miles Magazine & Media Inc.,,,312-2401 Eglinton Ave. E,Scarborough,ON,M2K 2M5,CA
Miller Printing Inc.,,,97 Guy Park Ave,Amsterdam,NY,12010,US
Mil R.R. Donnelly,,,180 Bond Ave.Don Mills,Toronto,ON,M3B 3P3,CA
Milvan Printing & Signs Ltd.,,,"66 Milvan Drive, Unit # 9",Toronto,ON,,CA
Mimi Brands Inc.,,,50 Charmine Road.,Woodbridge,ON,L4L 1K2,CA
Minuteman Press Ajax,,,1730 McPherson Court Unit 8,Pickering,ON,L1W 3E6,CA
Minuteman Press Brampton,,,31 Melanie Drive,Brampton,ON,L6T 5H8,CA
Minuteman Burnhamthorpe,,,"10 - 790 Burnhamthorpe Rd. West,",Mississauga,ON,L5C 4G3,CA
Minuteman Press McMurray,,,1003 Waterdam Plaza Drive,McMurray,PA,15317,US
Minuteman Press (Coquitlam),,,"2233 Hartley Avenue,",Coquitlam,BC,V3K 6W9,CA
Mindbox Creative Group,,,1645 Wyandotte Street East,Windsor,ON,N8Y 1C8,CA
Minuteman Press (CT),,,5 Hamden park Drive,Hamden,CT,06517,US
Mina Family Dentistry,,,7191 Yonge St. Unit 205,Thornhill,ON,L3T 0C4,CA
Minuteman Press Fergus,,,820 Gartshore St. Unit 107,Fergus,ON,N1M 2W8,CA
Minuteman Press (FL),,,1609 NW Boca Raton Blvd,Boca Raton,FL,33432,US
Minuteman Press Guelph,,,930 Woodlawn Rd. W. # 10,Guelph,ON,N1K 1T2,CA
Minuteman Press Hamilton,,,"203 Main Street East, Unit C",Hamilton,ON,L8N 1H2,CA
Minuteman Press Mississauga (Matheson Blvd.),,,1015  Matheson Blvd.  E,Mississauga,ON,L4W 3A4,CA
Mineral Medix Corp.,,,"100 Leek Cres, Unit 12",Richmond Hill,ON,L4B 3E6,CA
Minuteman Press .Mississauga,,,Unit 10-790 Burnhamthorpe Rd. W.,Mississauga,ON,L5C 4G3,CA
Minuteman Press Natick,,,10 Huron Drive,Natick,MA,01760,US
Ministry of Government and Consumer Services,,,20 Vanley Cres.,North York,ON,M3J 2B8,CA
Minuteman Press Parry Sound,,,1 Mall Drive,Parry Sound,ON,P2A 3A9,CA
Minuteman Press Mississauga,,,2-1015 Matheson Blvd East,Mississauga,ON,L4W 3A4,CA
Minuteman Press  Richmond Hill,,,55 West Beaver Creek Road,Richmond Hill,ON,L4B 1K5,CA
Minuteman Press Saskatoon,,,80-3902 Millar Ave,Saskatoon,SK,S7P 0B1,CA
Minuteman Press Shelton,,,42 Bridgeport Avenue,Shelton,CT,06484,US
Mind Spark Design Group,,,,,ON,,CA
Minuteman Press Brampton,,,"211 Wilkinson Road, Unit 4",Brampton,ON,L6T 4M2,CA
Minuteman Press Surrey,,,"#103 , 13423 - 78th Ave.",Surrey,BC,V3W 0A8,CA
Minuteman Press Vancouver,,,1348 Burrard Street,Vancouver,BC,V6Z 2B7,CA
Minuteman Press  Vaughan,,,100 Bass Pro Mills Dr.,Vaughan,ON,L4K 5X1,CA
Minuteman Press Whitby,,,1450 Hopkins St.,Whitby,ON,L1N 2C3,CA
Minuteman Press Williamsville,,,5418 Main Street,Williamsville,NY,142221,US
Mizrahi Homes Inc,,,8854 Yonge Street,Richmond Hill,ON,L4C 0T4,CA
Mississauga Flooring Solutions Inc,,,150 Britannia East,Mississauga,ON,L4Z 2A4,CA
Mlb Print Management,,,151 Carnwith Drive E,Brooklyn,ON,L1M 2J5,CA
M & M Business Forms Inc.,,,36 Carrington Drive,Richmond Hill,ON,L4C 8A2,CA
M-Montreal,,,1245 St-Andre,Montreal,QC,H2L 3T1,CA
M&M Printing And Graphics,,,1300 W Darlington St,Florence,SC,,US
Mobiroo Inc.,,,57 Robinwood Trail,Thornhill,ON,L4J 6K9,CA
Moffitt Print Craft Limited,,,240 Woodlawn Rd West,Guelph,ON,N1H 1B6,CA
Mohandes,,,6021 Yonge St.,North York,ON,L4N 7Y1,CA
Molson Coors Toronto Brewery,,,1 Carlingview Drive,Toronto,ON,M9W 5E5,CA
Molnar Lithographic Supplies Inc.,,,5925 Tomken Road,Mississauga,ON,L4W 4L8,CA
Monster Marketing,,,871 victoria st north unit t,Kitchener,ON,N2b3S4,CA
Mono Arts & Graphics Printing,,,"14 Stewart Court, Suite 200",Orangeville,ON,L9W3Z9,CA
"Mon Cheri Bridals, Llc",,,1018 Whitehead Road Extension,Trenton,NJ,08638,US
Monarch Printing,,,80 Dynamic Drive,Toronto,ON,M1V 5A5,CA
GCI Graphic Creations Inc.,,,"6 Curity Avenue, Unit 6",Toronto,ON,M4B 1X2,CA
Montney Printing & Graphics,,,Box 175,MONTNEY,BC,V0C 1Y0,CA
Moore Canada,,,6100 Vipond Drive,Mississauga,ON,L5T 2X1,CA
"Moor Printing Services, Inc.",,,,CHICAGO,IL,,US
More Printing,,,593 Glengrove Ave.,Toronto,ON,M6B 2H7,CA
Morgan Professional Products,,,43 Blue Spruce Court,Kitchener,ON,N2N 1L2,CA
Morgan Printing,,,P.O.Box 9,Bishop's Falls,NL,AOH 1CO,CA
Morningstar Printing,,,1136 Pharmacy Ave,Scarborough,ON,M1R 2H4,CA
MPI  East /  2796414 Ontario Inc.,,,"85 Chambers Drive , Unit # 3",Ajax,ON,L1Z 1E2,CA
MPP Marketing Group Inc,,,36 Horner Ave,Toronto,ON,M8Z 4X3,CA
M.R.S. metal Recycling Solutions Inc.,,,225 Merton st,Toronto,ON,M4S 3H1,CA
MRT Graphic Design Print Marketing,,,2 cody Ave.,Brooklyn,ON,L1M 1K8,CA
Mr. Thai,,,1521 Yonge Street Unit 6,Toronto,ON,M4T 1Z2,CA
Mr. Thai,,,"40 Innovation Drive, Unit 13",Woodbridge,ON,L4H 0T2,CA
Multitech Graphics inc.,,,1380 Hopkins St. #13,Pickering,ON,LIN 2C3,CA
Multimatic Mechanisms,,,300 Basaltic Road,Concord,ON,L4K 4Y9,CA
Municipal Media Inc.,,,"50 Carroll Street, Suite 111",Toronto,ON,M4M3G3,CA
Municipality of Meaford,,,21 Trowbridge Street West,Meaford,ON,N4L 1A1,CA
Mushroom Media Group Inc,,,226 Hickory Street North,Whitby,ON,L1N 3X8,CA
Mustang signs & Graphics,,,1539 Hwy 23 NE,St cloud,MN,56304,US
Muskoka Tourism,,,1342 Hwy 11 North,Kilworthy,ON,P0E 1G0,CA
MX WHITES,,,"49 Morrow Rd, Unit 7",Barrie,ON,L4N 3V7,CA
My City,,,"361 The West Mall , Suite 1902",Toronto,ON,M9C 1E8,CA
MyGraphixLounge.com Inc.,,,"1580 Trinity Drive, Unit 3",Mississauga,ON,L5T 1L6,CA
My Magazine Inc.,Alena,Vakuliu,85 Wigmore Dr.,Toronto,ON,M4A 2E9,CA
My Office Place.Ca Inc,,,11 Brookshire Blvd,Scarborough,ON,M1W 1X4,CA
My Online Printer,,,#501 - 535 Thurlow Street,Vancouver,BC,V6E 3L2,CA
My Printer,,,13 Frisby Court,Markham,ON,L6C 1T9,CA
Namoji Inc.,,,200 Connie Crescent Units 11-12,Concord,ON,L4K 1M1,CA
NAMVAR ART LTD,,,68 Emmitt Rd,Vaughan,ON,L6A3R8,CA
Nano Design Build Inc.,,,"1670 Bayview Ave., Suite 302",Toronto,ON,M4G 3C2,CA
Nature And Outdoor Tourism Ontario,,,386 Algonquin Avenue,North Bay,ON,P1B 4W3,CA
National Graphics Inc.,,,248 Branford Road,N. Branford,CT,06471,US
Nav Malhi,,,17 Buchgrass Place,Brampton,ON,L6R 2K1,CA
Nav Nanda Campaign,,,"218 McWilliams cres,",Oakville,ON,L6M 0W5,CA
NC Dept. Of Military & Veterans Affairs,,,413 N. Salisbury Street,Raleigh,NC,27603,US
NCL Worldwide Logistics,,,"3092 Danforth Ave, Suite#207",Toronto,ON,M1L 1B1,CA
New Era Graphics,,,321 N. 121st Street,Milwaukee,WI,53226,US
New Hope Physiotherapy & Rehab,,,263 Queen St. E. Unit 20,Brampton,ON,L6W 4K6,CA
Nest Media,,,20 Villata Gardens,Toronto,ON,M3J 1J8,CA
NetPrintShip (Etobicoke),,,2405 Lake Shore Blvd. W,Etobicoke,ON,M8V 1C6,CA
NetPrintShip # 22 (Thornhill),,,7163 Yonge St. Unit 133,Thornhill,ON,L3T0C6,CA
Newcom Business Media,,,451 Attwell Dr,Toronto,ON,M9W 5C4,CA
New Printing Inc.,,,25-2450 Lancaster Road,Ottawa,ON,K1B 5N3,CA
Newcom South Asian Media Inc,,,"5353 Dundas St. West, 4th floor",Toronto,ON,M9B 6H8,CA
New Directions Aromatics,,,6781 Columbus Road,Mississauga,ON,L5T 2G9,CA
New Era Print Solutions,,,"1575 Trinity Drive, Unit 4",Mississauga,ON,L5T 1K4,CA
New Heights Community Health Centres  Bathurs,,,5987 Bathurst St.,Toronto,ON,M2R 1Z3,CA
New Hope Fellowship,,,"6965 Professional Ct,",Mississauga,ON,L4V 1Y3,CA
New Image Printing,,,1681 Langstaff Road,Concord,ON,L4K 5T3,CA
Newsfirst Multimedia,,,"3860 boul. Notre-Dame, suite 304",Laval,QC,H7V 1S1,CA
Newcon Publishing,,,1183 Finch Ave. W. Suite 202,Toronto,ON,M3J 2G2,CA
Newmarket - Soccer Club,,,621 Newpark Blvd.,Newmarket,ON,L3X 2S2,CA
New Way Graphics,,,205 Torbay Road Unit # 2,Markham,ON,L3R 3W4,CA
Next Print Inc.,,,7181 Yonge Street Unit 171,Thornhill,ON,L3T 0C7,CA
NHU Creative,,,1910-83 Redpath Ave.,Toronto,ON,M4S 0A2,CA
Niagara College Of Applied Arts & Technology,,,Welland Campus300 Woodlawn Road,Welland,ON,L3C 7LC,CA
Niagara Escarpment Views,,,50 Ann Street,Georgetown,ON,L7G 2V2,CA
Niagara Falls Tourism (Robinson St),,,5400 Robinson Street,Niagara Falls,ON,L2G 2A6,CA
Niagara falls Tourism (Stanly Ave),,,6815 Stanly Ave,Niagara Falls,ON,L2G 3Y9,CA
Niagara Inflatables & Games Inc.,,,33 Elm St.,St.Catharines,ON,L2P 1A2,CA
Niess Impressions,,,101 Central Ave E,Minot,ND,58701,US
Nims Print,,,85-3550 Rutherford Road,Woodbridge,ON,L4H 0E2,CA
Nine Eyes Design,,,25 Gowan Drive,Whitby,ON,L1P 1L5,CA
NISSAN KITCHENS INC.,,,,,QC,,CA
Nise Printing Solutions,,,158 Don Hillock Dr. Unit # 14,Aurora,ON,L4G 0G9,CA
Noble Book Press Corp.,,,"5014 16th Avenue , 512",Brooklyn,NY,,US
Noble Impressions,,,64 Tucker Court,Aurora,ON,L4G 7T1,CA
Northern Print Brokers,,,767 Barrydowne Road,Sudbury,ON,P3A 1L4,CA
North American Paper Inc.,,,16 Automatic Road,Brampton,ON,,CA
Northeastern Ontario Tourism,,,205 Main Street East,North Bay,ON,P1B 1B2,CA
Norfolk County Ontario,,,30 Peel St.,SIMCOE,ON,N3Y 1R9,CA
Norsan Graphic Ltd,,,894 Norsan Ct.,NEWMARKET,ON,L3X 1K9,CA
Northview Heights Ss,,,550 Finch Ave. West,Toronto,ON,M2R 1N6,CA
Northern Paper,,,PO Box 471,Clinton,NY,13323,US
Norprint Corp.,,,"1041 North Service Road, East",Oakville,ON,L6H 1A6,CA
Northview Print And Copy Inc.,,,2700 Steeles Ave West,Concord,ON,L4K 3C8,CA
The Corp. Of The County Of Northumberland,,,555 Courthouse Road,Cobourg,ON,K9A 5J6,CA
Nortool,,,"220 Viceroy Road, Unit 4",Concord,ON,L4K 3C2,CA
Norwestario Travel Association Inc.,,,114 Main Street S,Kenora,ON,P9N 3X6,CA
Northview Print and copy Inc,,,2700 Steeles Ave. West,Concord,ON,L4K 3C8,CA
NorthShield Windows And Doors Inc.,,,"364 Supertest Road, Unit 206",Toronto,ON,M3J 2M2,CA
North York Printing & Graphics Inc.,,,101 Amber St. Unit 10,Markham,ON,L3R 3B2,CA
Novel Comics,,,117 Runnymede Rd. Unit 209,Toronto,ON,M6S 2Y4,CA
Novellus Graphic Resource,,,465 Milner Ave. Suite 10,Toronto,ON,M1B 2K4,CA
Novavita Media Inc.,,,1464 Cornwall Road Unit 8,Oakville,ON,L6J 7W5,CA
NspireDesign Inc.,,,16 Shanty Street,Maple,ON,L6A 0T8,CA
2507317 Ontario Ltd / Nu-Image Supplies,,,3001 Finch Ave. W Suite 1405,Toronto,ON,M9M 3A9,CA
Nu-Life Medical & Surgical Inc.,,,62 Bartor Road,Toronto,ON,M9M 2G5,CA
Nuway Packaging,,,25 Old Lancaster Road # B03,Bala Cynwyd,PA,19004,US
Nuyuga Inc.,,,"44 Charles St West, Suite 511",Toronto,ON,M4Y 1R7,CA
nVISION,,,"95 Royal Crest Crt. Unit 4,",Markham,ON,L3R 9X5,CA
Nyman Inc.,,,450 Dufferom Street,Toronto,ON,M6K 2A5,CA
Oakville Toyota,,,2375 Wyecroft Road,Oakville,ON,L6L 6L4,CA
Oceano,,,1262 Don Mills Rd.,Toronto,ON,M3B 2W7,CA
Odessey Business Products Inc.,,,90 Snow Boulevard,Concord,ON,L4K 4A2,CA
ODS Printing,,,533 N Christina Street,Sarnia,ON,N7T 5W5,CA
Offspring Communications,,,18 Blue Oak Ave,Brampton,ON,L6R 1C1,CA
Offshore Power Sports,,,49 Milwick Dr.,North York,ON,M9L 1Y4,CA
Ogrix inc.,,,"8167 Yonge St. ,Unit 3",Thornhill,ON,L3T1S2,CA
OHM Wedding Inc.,,,"400 Applewood Crescent , Suite 100",Vaughan,ON,L4K 0C3,CA
OJ Graphix Inc.,,,7 Panache Lake Road,Espanola,ON,P5E 1H9,CA
OJ Marketing,,,1383 West 23Rd Street,NORTH VANCOUVER,BC,V7P 2H6,CA
O'Keefe Print Management,,,17 Bloomgate Crescent,Richmond Hill,ON,L4E 4E3,CA
Olivan Marketing,,,1300 South Service Road W,Oakville,ON,L6L 5T7,CA
ON 180,,,316 Flamingo Road,Vaughan,ON,L4J 8N3,CA
One Concept Inc.,,,491 Concession St.,Hamilton,ON,L9A 1C1,CA
ONE ON ONE PRINTING,,,"998169 Hwy. 11N , RR2",New Liskeard,ON,P0J 1P0,CA
Onixx Co,,,50 Burns Drive,Guelph,ON,N1H6V9,CA
Ontario Association Of Optometrist,,,"2000 Argentia Road, Plaza 3, suite",Mississauga,ON,L5N 1V9,CA
Ontario Confed. of University Faculty,,,17 Isabella Street,Toronto,ON,M4Y 1M7,CA
Ontario Conference Of SeventhDay Adventists,,,1110 King St. East,Oshawa,ON,L1H 1H8,CA
Ontario Graphic Solutions,,,178 Reach Industrial Park Road,Port Perry,ON,L9L 1B2,CA
Ontario's Highlands Tourism Organization,,,"9 International Drive, Suite 129",Pembroke,ON,K8A 6W5,CA
Ontario Home Comfort,,,1 Eglinton Ave,Toronto,ON,M4P 3A1,CA
Ontario Impex Of Canada Inc.,,,5820 Kennedy Rd,Mississauga,ON,L4Z 2C3,CA
Ontario Khalsa Darbar,,,7080 Dixie Road,Mississauga,ON,L5S 1B7,CA
Ontario Mapping Company,,,P.O BOX 82 Brooklin Station,Whitby,ON,L1M 1B5,CA
Ontario Registered Music Teachers Association,,,58 Shakespeare Ave.,Niagara-On-The-Lake,ON,L0S 1J0,CA
Ontario WallCovering & Decor Products,,,4309 Steeles Ave. West,Toronto,ON,M3N1V7,CA
Opal Printing Co. Ltd.,,,"1575 Trinity Drive, IA",Mississauga,ON,L5T 1K4,CA
Optimum Colour Ltd.,,,556 Edward  Avenue,Richmond Hill,ON,L4C 9Y5,CA
Options Development Inc,,,Unit 2-31 Scarsdale Road,Toronto,ON,M3B 2R2,CA
Options Graphique,,,2960 Rue halpern,Saint Laurent,QC,H4S 1R2,CA
Options Mississauga Print & Office Services,,,113 Lakeshore Road West,Mississauga,ON,L5H 1E9,CA
Opticon Optical,,,"2267 Islington Ave, Unit 1",Etobicoke,ON,M9W 2W9,CA
Optimum Print Solutions Inc.,,,86 Almore Ave,Toronto,ON,M3H 2H2,CA
Oracle Printing,,,221 Randall Crescent,Scarborough,ON,M1M 3K3,CA
ORANGE BOARD MEDIA,,,"10 GILLINGHAM DRIVE, SUITE 580",BRAMPTON,ON,L6X 5A5,CA
Orange Print Canada,,,6350 Tomken Road Unit 7,Toronto,ON,M6K 3P1,CA
Orange Print Ltd.,,,4460 Tucana Court,Mississauga,ON,L5R 3K9,CA
Orgill  Inc.,,,3742 Tyndale Dr.,Memphis,TN,38125,US
OR PLUS Inc.,,,"1600, Cur‚-Labelle Blvd, Bur. 305",Laval,QC,H7V 2W2,CA
Ortai,,,12 St. Andres Crt.,Thornhill,ON,L3T 2N4,CA
Orthodontics at Don Mills,,,1448 Lawrence Ave East Suite 304A,Toronto,ON,M4A 2V6,CA
OSG Promo Div. Of One Source Group,,,25 Austin Drive,Markham,ON,L3R 8H4,CA
Oshawa This Week,,,865 Farewell Avenue,Oshawa,ON,L1H 7L5,CA
Ouellette Graphics Inc.,,,7 Bramley St. N,Port Hope,ON,L1A 3K7,CA
Our Daily Bread Ministries Canada,,,11325 Firgrove Drive,Windsor,ON,N8P 1L4,CA
Our Homes Media Group,,,25 Elgin Street,Collingwood,ON,L9Y 3L6,CA
Outeriors,,,"201 Chrislea Road,",Vaughan,ON,L4L 8N6,CA
Oxford Web Printing,,,450 Springbank Ave. South,Woodstock,ON,N4S 7W3,CA
Packaging Rx Inc.,,,6110 Ordan Drive Unit 1,Mississauga,ON,L5T 1B4,CA
Pack-Smart Inc.,,,11-9000 Keele Street,Concord,ON,L4K 0B3,CA
Padika Solutions,,,601-5799 Yonge St,Toronto,ON,M2M 3V3,CA
Page Graphics,,,"3 Caroline St. West , Unit A",Creemore,ON,L0M 1G0,CA
Pagonis Live Bait,,,"60 Bertal Rd,",York,ON,M6M 4M4,CA
Painted Donkey Inc.,,,85 Chambers Dr Unit 3,Ajax,ON,L1Z 1E2,CA
Palmese Photodesign Group Inc.,,,534 Barton Street East,Hamiton,ON,L8L 2Z1,CA
Panasonic,,,5770 Ambler Dr,Mississauga,ON,L4W 2T3,CA
PANO Entertainment Inc.,,,33 Patrick dr,Aurora,ON,,CA
Paolo Leone,,,557 Dixon Road # 131,Toronto,ON,M9W 6K1,CA
Paper 4 U Inc,,,913 Brock Road,Pickering,ON,L1W2X9,CA
Papermaster,,,5805 16th Ave,Brooklyn,NY,11204,US
Pappas Grill,,,440 Danforth Ave.,Toronto,ON,M4K 1P4,CA
Papirmass,,,696 Lansdowne Ave.,Toronto,ON,M6H 3Y8,CA
Paper Purchasing  Plus,,,602-265 Main Street,Toronto,ON,M4C 4X3,CA
Paper Rockets,,,120 Dallimore Circle,Toronto,ON,M3C 4J1,CA
"Park Ave Publishers, Inc",,,320 Pacific St #5,Santa Monica,CA,90405,US
Paradise Banquet & Convention Center,,,7601 Jane Street,Vaughan,ON,L4K 1X2,CA
Parents Canada Group,,,65 The East Mall,Toronto,ON,M8Z 5W3,CA
Paragon Creative Group,,,"29 Little John Road, Dundas",Toronto,ON,L9H 4G8,CA
Parsian Fine Food,,,"8129 Yonge St,",Thornhill,ON,L3T 2C6,CA
Paras Homes Inc.,,,260 Derry Road West,Mississauga,ON,,CA
Partners In Print,,,128 Timcourt Drive,Tiny,ON,L9M 0B9,CA
Paragon Marketing Inc.,,,6021 Yonge St.,Toronto,ON,M2M 3W2,CA
PAR PRINT GROUP  INC.,,,"105 Industrial Drive, Unit 11",Whitby,ON,L1N 5Z9,CA
Pareera Publishing Inc.,,,45 Wellington St East,Aurora,ON,L4C5A1,CA
Parrott Printing,,,2007 Riverside Drive,Knoxville,TN,37915,US
Parallel Solutions Inc.,,,7305 Woodbine Ave,Markham,ON,L3R 3V7,CA
Pastel Print,,,"75 West Beaver Creek, Unit #7",Richmond Hill,ON,L4B 1K6,CA
Patchell & Associates,,,50 McKean Blvd,Nottawa,ON,L0M1P0,CA
Patisserie Monaco,,,48 Caster Avenue.,Woodbridge,ON,,CA
Patient News,,,5152 County Rd. 21   Box 822,Haliburton,ON,K0M 1S0,CA
Pathway Services,,,5057 Warwickshire Way,Mississauga,ON,L5V 1R3,CA
Payless Sign & Printing,,,"Unit # 63, 3176 Ridgeway Drive",Mississauga,ON,L5L 5S6,CA
Pb_design,,,1394 Allangrove Drive,Burlington,ON,L7M 1J5,CA
PBI - Printing By Innovation Inc.,,,4580 Union Road,Beamsville,ON,L0R 1B4,CA
PChospital,,,27 Homewood Ave,North York,ON,M2M 1K1,CA
Pearl Button Communications,,,P.O. Box 78,Bolton,ON,,CA
Peacock Printing & Graphics,,,4 Madison road,Fairfield,NJ,07004,US
Pearson Printing,,,910 Rowntree Dairy Road,Woodbridge,ON,L4L 5W6,CA
Pedram Hosseinzadeh,,,183 Willowdale Ave,Toronto,ON,M2N 4Y9,CA
Peek Digital Imaging,,,"17 Woodyatt Drive, Unit # 2",Brantford,ON,N3R 7K3,CA
Pegasus Direct Mail Worx Inc. o/a directworx,,,590 South Service Road,Stoney Creek,ON,L8E 2W1,CA
Pelegs Group,,,119 Cambridge Cres.,Richmond Hill,ON,L4C 6E9,CA
Peng Finishing Ltd,,,#1205-3588 Crowley Drive,Vancouver,BC,V5R 6H3,CA
Peninsula Press Ltd.,,,25 Neilson Ave.,St. Catharines,ON,L2M 5V9,CA
Pepper On The Side,,,10671 Chinguacousy Road,Brampton,ON,L7A 0N5,CA
Perkins Mailing Services Inc.,,,1430 Birchmount Road,Scarborough,ON,M1P 2E3,CA
PERFORMANCE PRINTING (METROLAND MEDIA),,,"3145 Wolfedale Rd,",Mississauga,ON,L5C 3A9,CA
Performance Publications Media Group,,,117c-219 Dufferin St,Toronto,ON,M6K 3J1,CA
Perri's Print Ltd.,,,"150 Spinnaker Way, Unit 8",Concord,ON,L4K 4M1,CA
PETERBOROUGH THIS WEEK,,,884 Ford St. PO. Box 2098,PETERBOROUGH,ON,K9J 7K2,CA
Farhang Complex Inc./ Pezhvak Magazine,,,6097 Yonge St. 2nd Floor,Toronto,ON,M2M 3W2,CA
Pfaff BMW,,,"4505 Dixie Rd,",Mississauga,ON,L4W 5K3,CA
Pge Marketing,,,500 Cochrane Drive,Markham,ON,L3R 8E2,CA
"PGS Print, Inc.",,,67 Mulcahy Boulevard,Rochester,NY,14624,US
PhaseTwo Media,,,"401 Alden Road, Unit 8",Markham,ON,,CA
Phoenix Agency . CA,,,"151 Corstate Ave,",Concord,ON,L4K 4Y2,CA
Phorm Studio,,,158 Wise Court,Hamilton,ON,L8T 2M2,CA
Phoenix-Veterans Print,,,10430 Argonne Woods Drive,Woodridge,IL,60517,US
Phoenix Web Inc.,,,41 Steelcase Road West,Markham,ON,L3R 2M4,CA
Pinnacle Graphix,,,90 Maskinonge Road,VICTORIA HARBOUR,ON,L0K 2A0,CA
Pinebush Home & Garden,,,321 Sheldon Drive,Cambridge,ON,N1T 1B1 www.pbh,CA
Pinewood Niagara Builders,,,2125 Fruitbelt Parkway,Niagara Falls,ON,L2E6S4,CA
Pipeline Studios Inc.,,,222 Main St. West,Hamilton,ON,L8P 1J3,CA
Pistachio,,,2 Lansing Square,Toronto,ON,M2J 4P8,CA
Pixelscope Inc.,,,80 West Beaver Creek Road Unit 10,Richmondhill,ON,L4B1H3,CA
Pixelcarve Inc.,,,96 Spadina Avenue,Toronto,ON,M5V 2J6,CA
Pixel Thought Media Inc,,,30 via renzo drive suite 200,Richmond Hill,ON,L4S 0B8,CA
Pixels To Paper Inc.,,,5 Bridle Street,Freelton,ON,L0R 1K0,CA
Pizza Depot,,,"2 Automatic Road, Unit 122",Brampton,ON,L6S 6K8,CA
2809552 Ontario Inc. Pizza Depot - Lexington,,,D209 Lexington Road,Waterloo,ON,N2K 2E1,CA
PIZZA MAPLE,,,502 Trethewey Drive,North York,ON,M6M 4C2,CA
Pizza Depot - Whitby,,,670 Taunton Road,Whitby,ON,L1R 0K6,CA
Ganesha Enterprise Inc./Pizza Depot - Windsor,,,1527 Provincial Road,Windsor,ON,N8W 5V7,CA
PK Graphics,,,"7398 Yonge Street, Unit 5D",Thornhill,ON,,CA
PKom Promotional Specialities,,,1303 Meadowlands Drive,Ottawa,ON,K2E 7B3,CA
Plastic Dress  Up Ltd.,,,120 Great Gulf Dr,Concord,ON,L4K 5W1,CA
Platinex Inc.,,,807-20 William Roe Blvd.,Newmarket,ON,L3Y 5V6,CA
Platinum Print & Design Inc.,,,235 Bloor St. East,Toronto,ON,M4W 3Y3,CA
Platinum Printing Group Inc.,,,38-40 Great Gulf Drive,Vaughan,ON,L4K 0K7,CA
Platinum Reproductions,,,355 Canarctic Drive,Toronto,ON,M3J 2P9,CA
Platinum Roofing,,,26 Thedore Drive,Hamilton,ON,L9A 5J8,CA
Plc Inc,,,"1331 7th Street , Unit E",Bekeley,CA,94710,US
Printline Inc.,,,82 Little Britain Cres,Brampton,ON,L6Y 6A8,CA
Plus 12,,,220 Royal Crest Court Unit 18,Markham,ON,L3R 9Y2,CA
Plum Communications,,,35B - 10520 Yonge St. Suite 356,Richmond Hill,ON,L4C 3C7,CA
Pm Design + Marketing,,,150 Vanderhoof Ave.,Toronto,ON,M4G 2H7,CA
Pmp Plus,,,111 Zenway Blvd. # 16,Vaughan,ON,L4H 3H9,CA
Point 1 Communications Inc.,,,5549 MacDonald Ave.,Montreal,QC,H3X 2W8,CA
Point Zero Canada,,,25 Peel Centre Drive,BRAMPTON,ON,L6T 4G3,CA
POP49.com,,,"6800 Kitimat Road, Unit 16",Mississauga,ON,L5N 5M1,CA
Port Dover Maple Leaf Ltd.,,,351 Main Street,Port Dover,ON,N0A 1N0,CA
Postnet Brampton,,,503-7700 Hurontario St.,Brampton,ON,L6Y 4M3,CA
PostPlus Business Centre,,,30 Gillingham Dr. # 502,Brampton,ON,L6X 4X7,CA
Posh Design,,,50 Harbottle Crt,Hamilton,ON,L9C7N9,CA
Postnet Markham,,,8865 Woodbine Ave. Unit D3,Markham,ON,L3R 5G1,CA
Postnet Mississauga,,,86-50 Burnathorpe Road,Mississauga,ON,L5B 3C2,CA
Poster Pals,,,"95 Ditton Drive,",Hamilton,ON,L8W2E5,CA
Postnet Richmondhill,,,A7-1390 Major Mackenzee Dr.,Richmond Hill,ON,L4S 0A1,CA
Postnet Vaughan,,,9222 Keele Steet,Vaughan,ON,L4K 5A3,CA
Postnet Yonge & Sheppard,,,5175 Yonge St.,North York,ON,M2N 5P5,CA
Power Graphic Communications,,,7100 Warden Ave,Markham,ON,L3R 8B5,CA
PPG Advertising,,,641-1 Chrislea Road,Vaughan,ON,L4L 8A3,CA
Printrite Plus Ltd,,,"401 Magnetic Drive , Unit 27",Toronto,ON,M3J 3H9,CA
PPS Printing Inc.,,,14 Pavillion Street,Union Ville,ON,L3R 1N9,CA
The Print Button,,,"1050 Pioneer Way, Ste R",El Cajon,CA,92020,US
Print Three (Concord),,,"50 Fernstaff Court , Unit 4",Concord,ON,L4K 3L6,CA
President's Academy,,,151 York Street,London,ON,N6A 1A8,CA
Precision ADM,,,Unit A-1595 Buffalo Place,Winnipeg,MB,R3T 1L9,CA
Precision Graphics,,,60 Creditview Road,Woodbridge,ON,L4L 9N4,CA
Precision Design & Prepress,,,P.O.Box 98,Owen Sound,ON,N4K 5P1,CA
Prestige Graphics Inc.,,,"308 Forest Fountain Drive,",Woodbridge,ON,L4H 1X3,CA
Preferred Magazine,,,"146 Thirtieth Street, Suite 301",Toronto,ON,M8W 3C4,CA
Premier Printing Solutions Inc.,,,6600 NW 15th Ave.,Ft. Lauderdale,FL,33309,US
PREMIER PRINTING LIMITED,,,32 GOODMARK PLACE UNIT# 1-2,ETOBICOKE,ON,M9W 6J4,CA
Press Partners,,,1111 Finch Ave. West,Toronto,ON,M3J 2E5,CA
Precision Print Management,,,516 Fair Street,Woodstock,ON,N4S 5T6,CA
Precision Retail Group,,,"55 Madison Avenue, Suite 400",Morristown,NJ,07960,US
Pressco & Design Inc.,,,252 Joicey Blvd.,Toronto,ON,M5M 2V7,CA
Presslinx,,,119 Ferrier St.,Markham,ON,L3R 3K6,CA
Prestige Print Finishers,,,,Mississauga,ON,L5S 1C5,CA
Presswork Production Inc,,,66 Queensbury Avenue,Toronto,ON,M1N 2X7,CA
Precision Technical Solutions Inc.,,,"601 Edgeley Blvd, Unit 4",Concord,ON,L4K 4G2,CA
Pretzelman Printing Group,,,10476 Armstrong Street,Fairfax,VA,,US
PRINT FACTORY INK,,,9 STERLING STREET,HAMILTON,ON,L8S 4H6,CA
The Print House (MA),,,200 Maplewood Street,Malden,MA,02148,US
Print 149 Inc.,,,5-400 Finchdene Sq.,Scarborough,ON,M1X 1E2,CA
Print-Tech 2000,,,530 Rowntree Dairy Road Unit 1,Woodbridge,ON,L4L 8H2,CA
Print2run,,,1645 Sismet Road,Mississauga,ON,L4W 1Z3,CA
Print 42 Co.,,,33 Aristan Drive,Toronto,ON,M3H 4V7,CA
Printing And Copy Centre Inc.,,,5694-4 Highway 7,Markham,ON,L3P 1B4,CA
Print Ad,,,8- 873 Tandridge Crescent,Toronto,ON,M9W 2P2,CA
Printing And Finishing Inc.,,,302-33 Weldrick Road East,Richmond Hill,ON,L4C 8W4,CA
Printam,,,"1375 Britannia Rd E,",Mississauga,ON,L4W 1C7,CA
Print And Paper,,,2 Bloor Street West,Toronto,ON,M4W 3E2,CA
Printer Boss,,,139 Basaltic Road,Concord,ON,L4K 1G4,CA
Print Three ( Brampton),,,24 Queen Street East,Brampton,ON,L6V 1A3,CA
Prism Business Solutions,,,23 Kiskadee Drive,Etobicoke,ON,M9V 4P6,CA
PrintA2Z Canada Ltd,,,"1353 Dundas Cres,",Mississauga,ON,L5C1E8,CA
Print Center Inc,,,541 RT 17M,Monroe,NY,10950,US
Print Cinch,,,308 S Fairfax Blvd,Ranson,WV,25438,US
PRI Communications Inc.,,,"100 North Centre Avenue, Suite 105",Rockville Centre,NY,11570,US
Printcor,,,125 Eldad Dr.,Bowmanville,ON,L1C 5J2,CA
Prime Data Inc.,,,180 Industrial Pkwy North,Aurora,ON,L4G 4C3,CA
Print dot Com Inc.,,,14-470 North Rivermede Road,Concord,ON,L4K 3R8,CA
The Printed Drinkware Company,,,"2160 Hwy 7, Unit 17",Concord,ON,L4K 1W6,CA
PRINTED,,,560 Activa Ave,Kitchener,ON,N2E 4C2,CA
Print Fast.Ca,,,3-2094 Lawrence Ave.E,Scarborough,ON,M1R 2Z6,CA
Printfusion Inc,,,624 Justus Drive,Kingston,ON,K7M 4H4,CA
Printcore Graphics Inc.,,,228 Main St. North,Newmarket,ON,L3Y 9B2,CA
Print Three ( Guelph),,,4-3 Watson Road South,Guelph,ON,N1L 1E3,CA
PrintHouse,,,200 Maplewood Street,Malden,MA,02148,US
Printhub,,,5876 5th Line,Rockwood,ON,N0B2K0,CA
Printing Icon,,,107A-2810 Victoria Park Ave.,North York,ON,M2J 4A9,CA
Printpak International,,,232 German School Road Paris,Paris,ON,N3L 3E1,CA
Print It,,,"59 Route 59 , Suite 141",Monsey,NY,10952,US
PrintKin,,,66 Fletcher's Creek Blvd.,Brampton,ON,L6X 4S3,CA
Print & Marketing Solutions Group,,,"2 W, Delaware Place , Unit 3106",Chicago,IL,60610,US
Print Media Consulting,,,2040 Broadleaf Crescent,Burlington,ON,L7L 6S4,CA
Print Three ( Mississauga in Erindale),,,2171 Dunwin Dr. # 8,Mississauga,ON,L5L 1X2,CA
Print Ad Strategies,,,"185 Trowers road Unit # 1,",Woodbridge,ON,L4L 5Z5,CA
Print Buy,,,"15 - 1253 Silvan Forest Dr,",Burlington,ON,L7M 0B7,CA
PrintBar Inc.,,,106 Humber College Blvd. Unit# 10,Etobicoke,ON,M9V 4E4,CA
Printmate Graphics Ltd.,,,60 Copernicus Blvd.,Brantford,ON,N3P 1K5,CA
Printing4Trade Inc.,,,"1375 Aimco Blvd, Unit 6",Mississauga,ON,L4W 1B5,CA
Printhub.ink & Vincent Press,,,873 High Street,Peterborough,ON,K9J 5R1,CA
Printman Inc.,,,2 Sunnyridge Ave.,Stouffville,ON,L4A 0L2,CA
Printotc,,,8509 Cory Drive,Bowie,MD,20720,US
Printwell Printers,,,"5985 Atlantic drive , Unit 1",Mississauga,ON,L4W 1S4,CA
PrintStuff,,,5 Berkham Road,Toronto,ON,M1H 2T1,CA
Print Advantage Marketing Communications,,,PO Box 18005,Delta,BC,V6V 2H5,CA
PrintOps,,,4120 Steeles Ave. W Unit # 4,Woodbridge,ON,L4L 2V2,CA
PrintBuy,,,"15 - 1253 Silvan Forest Dr,",Burlington,ON,L7M 0B7,CA
Print Xpress,,,2180 Credit Valley Road,Mississauga,ON,L5M 3C9,CA
Printzi,,,"358 Edgeley Blvd., Unit 12",Concord,ON,L4K 3Y1,CA
Printwell Offset,,,22A Strathearn Ave,Brampton,ON,L6T 4S9,CA
Print One,,,112 Main St. N,Mount Forest,ON,N0G2L0,CA
Priority Print And Copy Centre,,,5050 Dufferin Street Unit #119,Toronto,ON,M3H 5T5,CA
Print Three (Oshawa),,,7 Simcoe St. North,Oshawa,ON,L1H 4G1,CA
Printoutlet,,,731 Millway Ave.,Concord,ON,L4K 3S8,CA
Printers' Parts & Equipment,,,60 Howden Rd,Scarborough,ON,M1R 3E4,CA
Printing Peach,,,2228 Mountainside Drive,Burlington,ON,L7P 1B6,CA
PrintPhics Inc.,,,333 Denison St. Unit 14,Markham,ON,L3R 2Z4,CA
Printing Place Print & Design Inc.,,,1-6150 46A Avenue,Red Deer,AB,T4N 7A3,CA
Print Pop,,,"637 Bloor St W,",Toronto,ON,M6G 1K8,CA
Pristine Printing Inc.,,,3 Bestobell Rd.,Etobicoke,ON,M8W 4H2,CA
Prism Creative Inc.,,,1203 10th Side Road,Tottenham,ON,L0G 1WO,CA
The Print Shop,,,54 Golden Oak Ave.,Richmond Hill,ON,L4S 1Y5,CA
Printcomm Solutions,,,1042 Dunbarton Road,Pickering,ON,L1V 1G8,CA
PRINTFINDERS,,,293 ST DAVID STREET,STRATFORD,ON,N5A 1E1,CA
Print Three Cumberland (YongeBloor & BayBloor,,,30 Cumberland Street,Toronto,ON,M4W 1J5,CA
PrintTech,,,530 Rowntree Dairy Road,Woodbridge,ON,L4L 8H2,CA
Print This,,,2451 Algonquin Road,Sudbury,ON,P3E 4Z7,CA
Printigo,,,60 Park Ave South,Lakewood,NJ,,US
Print Three (Toronto),,,24 Ronson Drive #1,Etobicoke,ON,M9W 1B4,CA
Print Unlimited,,,675 Querbes Ave,Outremont,QC,H2V 3W6,CA
Prime Visual Marketing,,,"74 Edilcan Drive, Unit B",Concord,ON,L4K 3S5,CA
Print With Us,,,321 Don Park Road.,Markham,ON,L3R IC2,CA
Print Xperts,,,5631 Steeles Ave. E Unit 3,Scarborough,ON,M1V 5P6,CA
Print Three Yonge-Eglinton #24,,,2300 Yonge Street,Toronto,ON,M4P 1E4,CA
Prizm Advertising Service Inc.,,,"2133 Royal Windsor Dr., Unit 16",Mississauga,ON,L5J 1K5,CA
Printleaf,,,555 8th Ave. Ste. 1805,New York,NY,10018,US
Printech Marketing,,,7276 cork tree row,Mississauga,ON,L5N 8H1,CA
Print Three - Meadowvale,,,"2000 Argentia Rd,Plaza 1, Suite 1",Mississauga,ON,L5N 1P7,CA
The Printing Mill,,,"55 West Beaver Creek, Unit 42",Richmond Hill,ON,L4B 1K5,CA
Print Three (North Bay),,,222 McIntyre St. West,North Bay,ON,P1B 2Y8,CA
Proforma & Art Department,,,67 Argyle St.,Toronto,ON,M6J 1N8,CA
Proforma Battlefield Advertising,,,"398 Nash Road North, Unit # 5",Hamilton,ON,L8H 7P5,CA
Proforma Business Builders,,,810 W. Pioneer Parkway,Peoria,IL,61615,US
Prodesign,,,375 Rexdale Boulevard,Toronto,ON,M9W 1R9,CA
Prodigy Graphics,,,"731 Millway Ave,",Concord,ON,L4K 3S8,CA
Prodesign Solutions,,,375 Rexdale Blvd.,Etobicoke,ON,M9W 1R9,CA
Progressive Business Solutions,,,508 South New Hope Road,Raleigh,NC,27610,US
Pro Graphics & Desgin,,,21 Clevedon St.,North York,ON,M3M 1M3,CA
Proimage Graphix Inc.,,,1371 Listowel Road,Elmira,ON,N3B 2Z3,CA
Prototier-1 Inc.,,,3960 Adjala-Tecumseth TL RR#2,Beeton,ON,L0G 1A0,CA
Prollenium Medical Technologies Inc.,,,138 Industrial Parkway N.,Aurora,ON,L4G 4C3,CA
Protech L.P,,,10174 Rue London,Montreal,QC,H1H 4H3,CA
Pros Marketing,,,"531 King St., Unit B",Midland,ON,L4R 3N6,CA
Prospect Media Group Ltd.,,,129 Spadina Ave.Suite 300,Toronto,ON,M5V 2L3,CA
Promotivate  LP,,,"2300 Yonge Street, Suite 1510",Toronto,ON,M4P 1E4,CA
Promote Me,,,"95 West Beaver Creek Rd, Unit 20",Richmond Hill,ON,L4B 1H2,CA
Propaganda,,,585 King St. E. Suite 809,Toronto,ON,M5A 0J7,CA
Progressive Print Solutions,,,29 Anthony Lane,Dedham,MA,02026,US
Professional Signs & Graphics,,,5996 Imperial Road,Aylmer,ON,N5H 2R2,CA
Promobiz Solutions,,,200 Consumers Road Suite 703,North York,ON,M2J 4R4,CA
Provincial Web Printing Corp.,,,"52 Bramsteele Road, Unit 4",Brampton,ON,L6W 3M5,CA
PRINTERS PARTS & EQUIPMENTS,,,60 HOWDEN ROAD,SCARBOROUGH,ON,M1R 3E4,CA
Printer  Paul,,,4-494 The Parkway,Peterborough,ON,K9J 7L9,CA
Printing Plus,,,96 Turner Road - Route 32,Central Valley,NY,10917,US
Print Pros Plus Inc.,,,720 May Street North,Thunder Bay,ON,P7C 2W4,CA
PR Services Ltd.,,,7219-7th Avenue,Whitehorse,YT,Y1A 1R8,CA
Print Source Inc.,,,"324 2ND Street Pike, Unit 10",Southampton,PA,18966,US
Print Three (Head Office),,,8400 Jane St.,Concord,ON,L4K 4L8,CA
Print Three (Downtown),,,200 Bay Street,Toronto,ON,M5J 2J6,CA
Print Three (Etobicoke),,,23 Westmore Dr.,Toronto,ON,M9V 3Y7,CA
Printology Inc.,,,125 West Beaver Creek Road,Richmond Hill,ON,L4B 1C6,CA
PrintPro,,,450 Provencher Blvd,Winnipeg,MB,R2J 0B9,CA
"Publisher, BETTER BUILDER Magazine",,,12 Rowley Drive,Toronto,ON,M4P 2S8,CA
Pub Cite,,,191 Rue Theberge,Delson,QC,J5B 2J9,CA
Pulp and Fiber,Dolph,Loeb,822 RICHMOND ST. WEST,Toronto,ON,M6J 1C9,CA
Pulsar Printing Ltd.,,,"550 Eglinton Ave., West",Toronto,ON,M5N 1B0,CA
Pumpkinseed Media Group,,,1500 Upper Middle Road W Suite 300,Oakville,ON,L6M0C2,CA
Punjabi By Nature,,,57- 8887 The Gore Road,Brampton,ON,,CA
Punjabi Pages,,,"2980 Drew Road, Unit 215","Mississauga,",ON,L4T 0A7,CA
QliQ Innovation Inc.,,,2150 Steeles Ave. E Unit 7,Brampton,ON,L6T 1A7,CA
Qmi Sales,,,333 King Street East,Toronto,ON,M5A 3X5,CA
Qosmio Marketing Inc.,,,239-7025 Tomken Road,Mississauga,ON,L5S 1R6,CA
QPC Pack,,,579 Speers Road,Oakville,ON,L6K 2G4,CA
QPrint,,,90 Adelaide St East,Toronto,ON,M5C 2R4,CA
QUAD GRAPHICS,,,,AURORA,ON,,CA
Quattro Marketing Inc.,,,1 Director Court,Woodbridge,ON,L4L 4S5,CA
Quality Web Inc.,,,2366 Carrington Place,Oakville,ON,L6J 5P4,CA
Queenscorp Group,,,2 Queen Elizabeth Blvd.,Toronto,ON,M8Z 1L8,CA
Queue Media,,,731 Milway Ave.,Concord,ON,L4K 3S8,CA
Quickprints.ca,,,"2600 John Street, Unit 109",Markham,ON,L3R 3W3,CA
Quick Print Graphic Services,,,"#1, 5508 - 1st Street SE",Calgary,AB,T2H 2W9,CA
Radonic Communications Inc.,,,5399 Eglinton Ave W. Suite 301,Toronto,ON,M9C 5K6,CA
Rada Eyewear Inc.,,,71 Edenbridge Drive,Thornhill,ON,L4J 7V3,CA
Radeon Technologies Ltd.,,,250 Cochrane DriveUnit#12,Markham,ON,L3R 8E5,CA
Rainbow Country Travel Association,,,2726 Whippoorwill Ave.,Sudbury,ON,P3G 1E9,CA
Rainbow Marketing,,,25 Oswego Park,Dunville,ON,N1A 2W2,CA
Rainbow Printers Ltd.,,,380 Mooney Street,Thunderbay,ON,P7B 5R4,CA
Rainbow Print & Sign,,,9316-34 Avenue,Edmonton,AB,T6E 5X8,CA
Rainbow Printing Ltd,,,3 Jones Court,Sussex,NB,E4E 2S2,CA
Rami Bleckt,,,9126 Country Road 91,Toronto,ON,L0M 1H0,CA
Ramm Communications,,,45 Bloomfield Trail,Richmond Hill,ON,L4E 2K5,CA
RAM Digital Imaging,,,140 Sunrise Avenue,Toronto,ON,M4A 1B3,CA
Rang Punjabi,,,3966 Midhurst Lane,Mississauga,ON,L4Z 1C7,CA
Rapid Reproduction,,,520 Main Street,Wilmington,MA,01887,US
Raster Graphics Ltd,,,931 Scahaeffer Outlook,Newmarket,ON,L3X 1V9,CA
Rad Team Homes Corp.,,,29 Don Head Village Blvd,Richmond Hill,ON,L4C 7M6,CA
Rathnelly Group Inc.,,,"255 Richmond St East, Suite 219",Toronto,ON,,CA
Raw Broker,,,"55 Queen St East, Suite 405",Toronto,ON,M5C 1R6,CA
Rayacom Premium Print,,,7060 Waltham Avenue,Burnby,BC,V5J 4V5,CA
Ray Printing & Sign Inc.,,,7171 Torbram Road,Mississauga,ON,L4T 3W4,CA
Rayacom Toronto,,,901 King Street West,Toronto,ON,M5V 3H5,CA
RDK Marketing Solutions Ltd.,,,#105 - 12677 80th Avenue,Surrey,BC,V3W 3A6,CA
R.D. Printing Services,,,470 Robinson Road,Peterborough,ON,K9J 6X2,CA
Realtor Boutique,,,P.O. Box 41A,Etobicoke,ON,M9C 4V2,CA
Realtron David Seberano Group,,,822 Sheppard Ave. W,Toronto,ON,M3H 2T1,CA
Reach Marketing,,,79 Dina Road,Maple,ON,L6A 1L7,CA
Real Style Network Inc,,,61 St. Nicholas Street,Toronto,ON,M4Y 1W6,CA
Rebrand Advertising+Design Inc.,,,139 Monterey Road,Vaughan,ON,L4H 1V8,CA
Red Berry Press,,,12-1039 Cedarglen Gate,Mississauga,ON,L5C 3A7,CA
Redwood Print Management Inc.,,,2 Campbell Drive,Uxbridge,ON,L3P OA3,CA
Redsigns.Ca,,,10 Planchet Road,Vaughan,ON,L4K 2C8,CA
Redefine Studio Inc.,,,85 Hullrick Drive,Toronto,ON,M9W 6W6,CA
Reflex Communications,,,2708 Coventry Road,Oakville,ON,L6H 6R1,CA
Reflex Print Inc.,,,7181 Yonge Street Unit # 172,Thornhill,ON,L3T OC7,CA
Best One Media Inc.,,,192 Wallace St.,Woodbridge,ON,L4L 2P5,CA
Region Preproductions & Drafting Services Inc,,,23 Boxwood Crescent,Markham,ON,L3S 3P6,CA
Reimer Graphics,,,4256 Maple Grove Rd.,Beamsville,ON,L0R 1B1,CA
Reid Studios Limited,,,157 Centre Street South,Oshawa,ON,L1H 4A5,CA
Relative Goods,,,73 Pendrith St.,Toronto,ON,M6G 1R8,CA
Relay Graphics,,,"43 Casebridge Court, Unit 6",Toronto,ON,M1B 5M9,CA
Remax Realtron Realty,,,183 Willowdale Ave.,Toronto,ON,M2N 4Y9,CA
Re/Max Realtron,,,183 Willowdale Ave,Toronto,ON,M2N 4Y9,CA
Remax Hallmark Elite Group Realty LTD,,,685 Sheppard Ave East,Toronto,ON,M2K 1B6,CA
Re/max Millennium Real Estate,,,"81 Zenway Blvd, Suite 25",Woodbridge,ON,L4H 0S5,CA
Remax Realtron Realty Inc.,,,7646 Yonge Street,Thornhill,ON,L4J 1V9,CA
R.E.M Solutions,,,1120 Finch Ave. W Suite # 701,Toronto,ON,M3J 3H7,CA
Renovation Contractor,,,5500 North Service Road,Burlington,ON,L7L 6W6,CA
Repro Art Imaging,,,130 Sunrise Ave.,Toronto,ON,M4A 1B3,CA
Repro Design Bke Inc.,,,335 Saint Laurent,Laprarie,QC,J5R 1H6,CA
Replicate Services,,,60 Bristol Road East,Mississauga,ON,L4Z 3K8,CA
Resource Integrated Ltd,,,8910 Younge St,Richmond Hill,ON,L4C 0L7,CA
Responsive Mailing Services,,,"220 Bayview drive, #10",Barrie,ON,L4N 4Y8,CA
Raesgo Creative,,,36 Dunlop Street West,Barrie,ON,L4N 1A2,CA
Responsive Mailing Inc.,,,220 Bayview Drive Unit 10,Barrie,ON,L4N 4Y8,CA
Restless Styles Inc.,,,569 Sheppard Ave. West Suite 1110,Toronto,ON,M3H 2R8,CA
Retail Display Solutions,,,105- 3120 Rutherford Road,Vaughan,ON,L4K 0B2,CA
Retail Sampling Inc.,,,3230 Yonge St. # 1206,Toronto,ON,M4N 3P6,CA
Reverb Litho & Design,,,9 Haas Road,Etobicoke,ON,M9W 3A1,CA
Rev Publishing Inc.,,,"3659 Stanley Ave, Unit 4",Niagara Falls,ON,L2E 0A6,CA
Reza Khoob,,,300 Queensdrive,Toronto,ON,M6L 3E3,CA
RGI Graphics Group,,,225 Glen Hill Drive,Whitby,ON,L1N 7J5,CA
RG International,,,16 Feldbar Court,Toronto,ON,M2N 4P8,CA
Rhode Island Monthly Communications Inc.,,,"560 Mineral Spring Avenue, Unit 100",Pawtucket,RI,02860,US
RH Print Management Inc.,,,4 Roseglor Crescent,Scarborough,ON,M1P 3T6,CA
Richner Communications Inc.,,,2 Endo Blvd.,Garden City,NY,11530,US
Richmond Hill News,,,10660 Younge Street,Richmond Hill,ON,L4C 0C7,CA
Richmond Hill Printing Limited,,,346 Newkirk Road Unit 17,Richmond Hill,ON,L4C 0A9,CA
Richmond Print & Production,,,4500 Westwater Dr. # 108,Richomond,BC,V7E 6S1,CA
Richcolour Printing Inc.,,,139 Basaltic Road,Concord,ON,L4K 1G4,CA
Ricter Web Printing Ltd.,,,111 Easton Road,Bradford,ON,N3P 1J4,CA
Right At Home Realty Inc. Brokerage,,,1396 Don Mills Rd #B121,Toronto,ON,M3B 0A7,CA
Rina's Boutique,,,248 Steeles Ave. West Unit 223,Thornhill,ON,L4J 1H1,CA
Ringside Ribbons,,,4200 Sideline 2,Pickering,ON,L1Y 1G2,CA
Ripley Entertainment Inc.,,,"7576 Kingspointe Parkway, Suite 188",Orlando,FL,32819,US
Rich Print,,,1215 Meyerside Dr Unit 7,Mississauga,ON,L5T1H3,CA
Ritz Printing,,,27 Peel Street,New Hamburg,ON,N3A 1E6,CA
rivers5 inc.,,,"1900 Clark Blvd , Unit 7",Brampton,ON,L6T 0E9,CA
Riverside District BIA,,,638 Queen Street East,Toronto,ON,M4M 1G3,CA
Riverside Graphics,,,206 Marsh Street,Clarksburg,PE,N0H 1J0,CA
Rjm Graphics,,,608 Thurnau Drive,RIVER VALE,NJ,07675,US
Rjm Graphics,,,600 Harbour Blvd,Weehawken,NJ,07086,US
RLogo,,,57 Bowman Way,Thornhill,ON,L3T 4Z6,CA
RNB Jewellery,,,1255 Phillips Square,Montreal,QC,H3B 3G1,CA
Road Link Xpress,,,1750 A Britannia Road E,Mississauga,ON,l4w 1j3,CA
Roadrunner Printers,,,127 Nash Road South,Hamilton,ON,L8K 4J8,CA
Road Today Publishing Inc.,,,5 Sand Cherry Crescent,Brampton,ON,L6R 3A9,CA
Robert Clayton Print & Promotions Inc.,,,"744 McLeod Avenue, Unit 2",Fredericton,NB,E3B 1V6,CA
Robins Food (2006) Ltd,,,77 Progress Avenue,Toronto,ON,M1P 2Y7,CA
Robert Graphic Services,,,70 Stornwood Court,Brampton,ON,L6W 4H9,CA
ROBERTSON LITHO,,,43 GOLDTHORNE AVE.,TORONTO,ON,M8Z 5S7,CA
Rock Connection Ltd,,,43 Casebridge Court,Scarborough,ON,M1B 5M9,CA
Rochon Genova LLP,,,121 Richmond Street W. Sute 900,Toronto,ON,M5H 2K1,CA
Ronhan Trading Inc.,,,"180 Florence Ave,",Toronto,ON,M2N 1G4,CA
Royal LePage Your Community Realty,,,12 Buckhorn Ave.,Richmond Hill,ON,L4C 0E3,CA
Ronan Graphics,,,4261-A14 Hwy 7 E,Unionville,ON,L3R 9W6,CA
Rose Printing,,,1 - 12 Ontario Street,Orillia,ON,L3V OT7,CA
Rosemount Studios Limited,,,8841 George Bolton Pkwy,Bolton,ON,L7E 2X8,CA
Rotary Multiforms. Inc.,,,24701 Forterra Drive,Warren,MI,48089,US
Royal LePage Signature Realty,,,8 Sampson Mews,North York,ON,M3C 0H5,CA
Royal LePage Terrequity Seymour,,,"293 Eglinton Ave. East,",Toronto,ON,M4P 1L3,CA
Royal Marketing Inc.,,,4055 St. Catherine W.,Montreal,QC,H3Z 3J8,CA
Rozander Marketing,,,97 Evansfield Way NW,Calgary,AB,T3P 0K8,CA
RP Printers,,,7370 Bramalea Rd.,Mississauga,ON,L5S 1N6,CA
R&R Printing Plus Inc.,,,208 St. Andrew St. W.,Fergus,ON,N1M 1N7,CA
Ruasma Advertising And Printing Inc.,,,73 St Paul Cres.,St. Cathrines,ON,L2S 4B9,CA
RUDY REZNIK - CENTURY 21,,,1550 16th Ave. 200 Bld C South,Richmond Hill,ON,L4B 3K9,CA
Run Print,,,38 St. Germain Avenue,Tornoto,ON,M5M 1V8,CA
Russian Guide,,,691 Petrolia Road,Toronto,ON,M3J 2N6,CA
Rvdw Creative Inc.,,,500 Queens Quay West Suite 301W,Toronto,ON,M5V 3K8,CA
RV Lifestyle Magazine c/o 170916 Canada,,,"44 Crawford Cres,",Campbellville,ON,L0P 1B0,CA
R.V.W PRINTING,,,3630 GLEN ELGIN DRIVE,JORDON,ON,L0R 1S0,CA
Ryeka Sport Inc.,,,2355 Royal Windsor Drive #12,Missisauga,ON,L5J4S8,CA
Safeguard Bradley Marketing Group,,,"170 Wilbur Place, Suite 700",Bohemia,NY,11716,US
Safeguard By Chase Business Systems,,,76 Brookshire Circle,Thornhill,ON,L3T 7B2,CA
Safeguard by JMR,,,17 Fenwick Place,Waterdown,ON,L0R 2H5,CA
Safeguard By Enfigo,,,"2330 Southfield Road, Unit 1",Mississauga,ON,L5N 2W8,CA
Safeguard by Flexible,,,"2330 Southfield Road, Unit 1,",Mississauga,ON,L5N 2W8,CA
SAFEGUARD #728,,,PO BOX #10175,THUNDER BAY,ON,P7B 6T7,CA
Safeguard Marketing Solutions,,,621 - 420 Main Street East,Milton,ON,L9T 5G3,CA
SAFEGUARD by SINGLE SOURCE,,,2628 Credit Valley Road,Mississauga,ON,L5M 4J6,CA
Safeguard Gunn Graphics,,,40 Buckingham St,Orangeville,ON,L9W 5H7,CA
Samlyn Enterprises 2018,,,2645 Delmar Street,Kingston,ON,K7P 0H9,CA
Samurai Media Group Inc,,,"258 Beech Grove Side Road,",Alton,ON,L7K 0L7,CA
Samtack,,,1100 Rodick Road,Markham,ON,L3R 8C3,CA
Sana Printing,,,109 Woodbine Downs Blvd.,Etobicoke,ON,M9W 6Y1,CA
Savlyn Marketing  1978386 Ontario Inc.,,,PO Box 118,Madoc,ON,K0K 2K0,CA
Saysons,,,10A Bram Crt.,Brampton,ON,L6W 3R6,CA
Scholars Canada,,,18 Cundles Road East,Barrie,ON,L4M 2Z5,CA
Schwartz/Reisman Centre,,,9600 Bathurst Street,Vaughan,ON,L6A 3Z8,CA
Schlegel Villages,,,"325 Max Becker Drive, Suite 201",Kitchener,ON,N2E 4H5,CA
Score Promotions,,,77  Martin Ross Ave.,Toronto,ON,M3J 2L5,CA
Scotiabank,,,"4 King Street West, 16th floor,",Toronto,ON,M5H 1B6,CA
Screen Printing Inc.,,,5-186 Bartley Drive,Toronto,ON,M4A 1E1,CA
Second Ave. Print,,,86 Second Ave. West,Simcoe,ON,N3Y 2P3,CA
S.E.C Graphics,,,160 Main St.,Kagawong,ON,P0P 1J0,CA
Selby Marketing Associates Inc.,,,1001 Lexington Ave.Suite 800,Rochester,NY,14606,US
Serious Coupons,,,2581 Seven Oaks Ridge,London,ON,N6M 0E8,CA
Seven Continents,,,945 Wilson Avenue,Toronto,ON,M3K 1E8,CA
Seyon Financial Services.,,,2010 Ellesmere Rd #11,Toronto,ON,M1H 3B1,CA
Sharon Express,,,820 Flint Road,Toronto,ON,M3J 2J5,CA
Shamraq International,,,75 Fernstaff Crt.,Concord,ON,L4K 3R4,CA
Sharmila Kandasamy,,,10 Ralph Chalmers Ave.,Markham,ON,L6E 2C4,CA
Shahab Khan,,,371 Leadwood Gate,Oakville,ON,L6M 1L7,CA
Shallow Lake Crushers,,,84 Spencer Street,Hepworth,ON,NOH 2K0,CA
Shafie Legal Services PC.,,,"7707 Yonge St., 2nd floor",Thornhill,ON,L3T 2C4,CA
Shamrock Printing,,,P.O. Box 34,Fiskdale,MA,01518,US
Shawarma Royale,,,307-2800 Skymark Ave.,Mississauga,ON,L4W 5A6,CA
Shabriz Services,,,71 James Scott Road,Markham,ON,L3P 7W6,CA
Sharpshooters Studios,,,33 Landsborough Avenue,Milton,ON,L9T 7Y7,CA
Shalom Media Canada,,,1929 New Brighton Drive SE,Calgary,AB,T2Z 4X1,CA
Sherwood Digital Copy & Print KW,,,"30 Duke Street W, Suite 110",Kitchener,ON,N2H 3W5,CA
SHERMAN GRAPHICS,,,7170 Warden Ave. Unit 12,Markham,ON,L3R 8B3,CA
Shelftalkers Manufacturing Inc.,,,2230 Meadowpine Blvd,Mississuaga,ON,L5N 6H6,CA
Sherkston Shores,,,490 Empire St.,Sherkston,ON,L0S 1R0,CA
Shivam Financial Services Inc,,,275 Gardenbrooke Trail Unit-202,Brampton,ON,L6P4M6,CA
Shield Studios,,,145 Royal Crest Court,Markham,ON,L3R 9Z4,CA
Show Communications,,,50 Rusty Crestway,Toronto,ON,M2J 2Y4,CA
Shopper Media Inc.,,,350 Main St N,BRAMPTON,ON,L6V 1P8,CA
Shri Guru Singh Sabha Malton,,,7280 Airport Road,Mississauga,ON,L4T 2H3,CA
Sibava Inc.,,,"370 Highway 7 East, Unit 113-C",Richmond Hill,ON,L4B 0C4,CA
Signs 2 Days,,,5315 Tomken Road Unit 6,Mississauga,ON,L4W 1P5,CA
Sign City,,,360 University Avenue,Charlottetown,PE,C1A 4M7,CA
SIGN A RAMA,,,"1625 Steeles Ave East, Unit # 9-11",Brampton,ON,L6T 4T7,CA
Sign N Print Pros.,,,"2088 US Hwy 130, Suite 300A",Monmouth Junction,NJ,,US
Signarama Richmondhill,,,155 West Beaver Creek Rd. Unit #8,Richmond Hill,ON,L4B 1EI,CA
Signs R Us,,,216 Rivermede Road,VAUGHAN,ON,L4K 3M6,CA
Sijison Home Healthcare,,,212-29 Gervais Drive North,York,ON,M3C 1Y9,CA
Silvertrust Communications Inc.,,,19 Waterman Ave. Suite 207,Toronto,ON,M4B 1Y2,CA
Silverhaze Graphics Inc.,,,"310 Judson St., Unit # 7",Toronto,ON,M8Z 5T6,CA
Silent Partner,,,62 Seaside Circle,Brampton,ON,L6R 2G8,CA
Simplex Consulting Inc.,,,116 B  Viceroy Rd.,Concord,ON,L4K 2M2,CA
Simcoe Print Solutions,,,"124 Dunlop St. E,",Barrie,ON,L4M 1A4,CA
Simpex Marketing,,,451 The West Mall,Toronto,ON,M9C 1G1,CA
Simplex Promotional Products,,,"5430 Timberlea Blvd, unit 2",Mississauga,ON,L4W 2T7,CA
Simon Strelchik Campaign,,,218 Spring Gate Blvd,Thornhill,ON,,CA
Simcha Wine,,,7000 Bathurst St. Unit 4,Thornhill,ON,L4J 7L1,CA
Skypad Inc.,,,344 Dupont St.,Toronto,ON,M5R 1V9,CA
Skylar Media Group,,,334 Bradwick Drive,Vaughan,ON,L4K 1K8,CA
Skyway Solutions,,,7 Sunnygvale Gate,Brampton,ON,L6S 6J3,CA
Sli Printing Inc.,,,550 Mcnicoll Avenue,Toronto,ON,M2H 2E1,CA
S. L. S.,,,"155 Toryork Road,",Toronto,ON,M9L 1X9,CA
Smart Care,,,5000 Dufferin St.,Toronto,ON,M3H 5T5,CA
Small Design,,,703 Bloor Street West,Toronto,ON,M6G1L5,CA
SMART INTERNATIONAL IMMIGRATION,,,7900 Hurontario Street # 306,Brampton,ON,L6Y 0P6,CA
Smart Mart,,,"2355 Derry Rd E , Unit 9",Mississauga,ON,L5S 1V6,CA
Smart Media,,,9200 Dufferin St. Suite 20033,Concord,ON,L4K 0C0,CA
Smallworld Media Group,,,"2263 Princess Street,",Kingston,ON,K7M 3G1,CA
Smellies,,,27 Dominion Street,Bracebridge,ON,P1L 2A5,CA
SN Copy & Print Inc,,,2800 Skymark Ave Unit 7,Mississauga,ON,L4W 5A6,CA
SNZ Trading,,,61 Rayette Road,Concord,ON,L4K 2E8,CA
Social Bee Marketing Inc.,,,"56 Bramalea Rd,",Brampton,ON,L6T 2W8,CA
South Dakota State Govt./Office of Emergency,,,DPS 14000EM,Pierre,SD,57501,US
Software Charts,,,660 Eglinton Ave East,Toronto,ON,M4G 2K2,CA
Sofina Foundation,,,100 Commerce Valley Drive West,Markham,ON,L3T 0A1,CA
Sofina Foods Inc,,,"100 Commerce Valley Drive West, 9th",Markham,ON,L3T 0A1,CA
Soho Business Solutions,,,1603 Valley Ridge Crescent,PICKERING,ON,L1V 6S2,CA
Solo Print Inc.,,,53 Hiran Johnson Road,Stouffville,ON,L4A OJ1,CA
Somerset Graphics Co.Ltd.,,,370 Brunel Road,Mississauga,ON,L4Z 2C2,CA
Sonic Print Ca,,,7030 Woodbine Avenue,Markham,ON,L3R 6G2,CA
Sooner Graphics Inc.,,,494 Brookdale Avenue,Toronto,ON,M5M 1R7,CA
Soosmar Media Inc,,,421-6021 Yonge Street,Toronto,ON,M2M 3W2,CA
South Dakota State Govt Dot 1100B71 Inv Mgmt,,,SD Dept. of Transportation,Pierre,SD,57501,US
South Algonquin Business Alliance,,,14 Major Lake Road,Madawaska,ON,K0J 2C0,CA
South Dakota State Govt. TSD 0101TOR S.DAKOTA,,,Office of Tourism,Pierre,SD,57501,US
South Dakota State Govt. DSS0800800,,,700 Governors Drive,Pierre,SD,57501-2291,US
South Dakota State Govt. Dot 1100B60 Finance,,,700 E Broadway,Pierre,SD,57501,US
South Dakota State Govt./Game Fish & Parks,,,06006AW WILDLIFE,PIERRE,SD,57501-3182,US
Soul In Motion,,,"588 Edward Avenue,",Richmond Hill,ON,L4C 9Y8,CA
Source 4,,,6903 International Dr.,Greensboro,NC,27409,US
Sound Software,,,22 Avenue Road,Parry Sound,ON,P2A 2A7,CA
South Dakota Board of Regents,,,Box 2201,Brookings,SD,57007-2798,US
Spark Business & Innovation Magazine,,,2 Simcoe St. Suite 300,Oshawa,ON,L1H 8C1,CA
Spalding Creative Communications Inc.,,,30 Thornton Drive,Brantford,ON,N3R 6M2,CA
Spacing Magazine,,,401 Richmond St. W.,Toronto,ON,M5V 3A8,CA
Specialty Design & Print,,,3-770 Othello Court,Mississauga,ON,L5W 1Y2,CA
Speedy Print,,,1-583 Barton Street,Stoneycreek,ON,L8E 5S2,CA
Spectratone Graphics,,,52 Six Point Rd.,Toronto,ON,M8Z 2X2,CA
Spence Print Solutions,,,17 Tamara Place,Brantford,ON,N3P 1M8,CA
Spectrum Printing & Design,,,P. O. BOX 1527,Uvalde,TX,78801,US
Speedpro Signs Barrie,,,P-132 Commerce Park Drive,Barrie,ON,L4N 8W8,CA
Sphinx Graphics & Printing,,,P.O Box 20002,Kitchener,ON,N2P 2B4,CA
Spring Hill Laser Services,,,"6 Industrial Park Road, Suite A",lake Ariel,PA,18436,US
Springfed Creative Inc.,,,"4-115 First St., Suite 435",Collingwood,ON,L9Y 4W3,CA
Sp Solutions,,,2010 Ellesmere Road,Toronto,ON,M1H 3B1,CA
SPXCHANGE LLC,,,7100 E Belleview Ave. Suite 107,Greenwood Village,CO,80111,US
SQ Management,,,8 Oakes Drive,Miller Place,NY,11764,US
Square Eleven Media,,,219 Lewisville Rd. Unit 1,Moncton,NB,E1A 2R4,CA
Square Root,,,1 Thomson Ct,Markham,ON,L3P 1M5,CA
Staples (#273) Calgary,,,1000-250 East Hills SQ SE,Calgary,AB,T2A 7A7,CA
Staples (# 444)  Bedford,,,181 Damascus Road Unit 1,Bedford,NS,B4A 0C2,CA
Staples (# 66)  Barrie,,,36 Barrie View Drive,Barrie,ON,L4N 8V4,CA
Staples (# 11) Etobicoke,,,1750 The Queensway,Etobicoke,ON,M9C 5H5,CA
Staples (# 15) Toronto,,,3150 Dufferin Street,Toronto,ON,M6A 2T1,CA
Staples ( # 39 ) Woodbridge,,,"57 Northview Boulevard,",Woodbridge,ON,L4L 8X9,CA
Staples ( #57) Newmarket,,,17810 Yonge Street Bldg. A,Newmarket,ON,L3Y 8S1,CA
Staples ( # 78) Oakville,,,2460 Winston Churchill Blvd.,Oakville,ON,L6H 6J5,CA
Staples British Columbia,,,3841 Vanderpol Court,Abbotsford,BC,V2T 5W5,CA
Staples (# 422) Alma,,,705 Avenue Du Pont Nord,Alma,QC,G8B 6T5,CA
Star Base Computers,,,43 Anthia Drive,Toronto,ON,M9L 1K7,CA
Staples (# 166)  Belleville,,,190 Bell Blvd,BELLEVILLE,ON,K8P 5L2,CA
Staples (# 429)  Bowmanville,,,Suite 185 - 187 King St E,Bowmanville,ON,L1C 1P2,CA
Staples (# 66)  Barrie,,,36 Barrie View Drive,Barrie,ON,L4N 8V4,CA
Staples (# 14) Burlington,,,1881 Fairview Street,Burlington,ON,L7S 2K4,CA
Staples ( # 53 ) Cambridge,,,26 Pinebush Road,Cambridge,ON,N1R 8K5,CA
Staples (# 115) Charlottetown,,,655 University Ave.,Charlottetown,PE,C1E 1E5,CA
Staples (#160) Peterborough,,,109 Park Street,Peterborough,ON,K9J 3R8,CA
S.T. Advertising & Design,,,1170 Avenue Rd,Toronto,ON,M5N 2E8,CA
Starvox Entertainment,,,640 Briar Hill,Toronto,ON,M5N 1N2,CA
Staples (# 12)  Etobicoke,,,180 Queen'S Plate Drive,Etobicoke,ON,M9W 6V1,CA
Staples ( #253) Grand Prairie,,,10205-98 Street,Grande Prairie,AB,t8v 6v3,CA
Staples ( # 81) Guelph,,,370 Stone Road West,Guelph,ON,N1G 4V9,CA
STAPLES (#324) Huntsville,,,91 King William St. Unit 102,Huntsville,ON,P1H 1E5,CA
Staples ( # 133 ) Kingston,,,616 Gardiners Road,Kingston,ON,K7M 3X9,CA
Staples (# 93) Langley,,,20055 Willowbrook Drive Suite 200,Langley,BC,V2Y 2T5,CA
Staples ( #118) Lethbridge,,,Y03A-501 1ST AVE. S,Lethbridge,AB,T1J 4L9,CA
Staples (# 8) London,,,332 Wellington Road,London,ON,N6C 4P6,CA
Star Metroland Media,,,175 Gordon Baker Road,Toronto,ON,M2H 0A2,CA
Staples  Mississauga,,,1865 Meyerside Drive,Mississauga,ON,L5T 1G6,CA
Bureau en Gros(#22) Staples Canada (Montreal),,,770 Rue Notre-Dame O,Montreal,QC,H3C 1J5,CA
Staples (# 149) New Minas,,,9081 Commercial Street,New Minas,NS,B4N 3E6,CA
Staples ( # 90) Northbay,,,1899 Algonquin Ave.,North Bay,ON,P1B 4Y8,CA
Staples (# 4)  Oakville,,,320 North Service Road West,Oakville,ON,L6M 2R7,CA
State of South Dakota / Dot Inventory Mgmt.,,,SD Dept. of Transportation,Pierre,SD,57501,US
Staples (#125) Orillia,,,135 Murphy Road,Orillia,ON,L3V 0B5,CA
Staples (# 203)  Oshawa,,,410 Gibb Street West,Oshawa,ON,L1J 0B2,CA
STAPLES (#152) AURORA,,,"14800 YONGE ST., UNIT 180",AURORA,ON,L4G 1N3,CA
Staples (#132) Calgary,,,140 - 350 R Shawville Blvd. SE,Calgary,AB,T2Y 3S4,CA
Staples ( #249) Grand Prairie,,,"3299 Cliffe Avenue, Unit 2",Courtenay,BC,V9N 8H9,CA
Staples Mississauga,,,550 Pendant Drive,Mississauga,ON,L5T 2W6,CA
Staples (# 205) Orangeville,,,88 First Street,Orangeville,ON,L9W 3J6,CA
STAPLES RICHMONDHILL,,,6 Staples Ave,Richmondhill,ON,L4B 4W3,CA
Staples (# 015) Toronto,,,31 Densley Ave.,Toronto,ON,M6M 2P5,CA
Staples (#73) Red Deer County,,,100-150 Leva Avenue,Red Deer,ON,T4E 0A5,CA
Staples (#155)  Richmond Hill,,,45 Red Maple Rd.,RICHMOND HILL,ON,L4B 4M6,CA
Star Sign & Print Inc.,,,10120 Yonge St.,Richmond Hill,ON,L4C 1T8,CA
Staples (#146) Sudbury,,,1425 Kingsway Avenue,Sudbury,ON,P3B 0A2,CA
Stafford Textiles Limited,,,"I Eva Road, Suite 101",Toronto,ON,M9C 4Z5,CA
Staples (#450) Thornhill,,,32 Steeles Avenue West,Thornhill,ON,L4J 1A1,CA
State Of Montana,,,State Print & Mail,Helena,MT,59601,US
Staples (Store #003) Toronto,,,945 Eglinton Avenue East,Toronto,ON,M4G 4B5,CA
Staples (# 239)  Vancouver,,,"2135 Alison Road, Unit 101",Vancouver,BC,V6T 1T5,CA
Staples (# 102) Welland,,,800 Niagara Street,Welland,ON,L3C 5Z4,CA
Staples (# 316) Brossard,,,35-9750 Boul. Leduc,Brossard,QC,J4Y 0B3,CA
Staples (# 48) Calgary,,,1215 - 9 Ave SW,Calgary,AB,T3C 0H9,CA
Steve Barker,,,235 Fox Street,Penetanguishene,ON,L9M 1E9,CA
Sterling Editions,,,2101 Edinburgh Dr.,Burlington,ON,L7R2C8,CA
Stephen Gould,,,45541 Northport Loop West,Fremon,CA,,US
Sterling Marking Products Inc.,,,1147 Gainsborough Rd,London,ON,N6H 5L5,CA
Stellar Paper & Board Co. Ltd.,,,"13-3120 Rutherford Road, Suite 406",Vaughan,ON,L4K 0B2,CA
Stephen Gould Corporation,,,"19700 E, 23rd Ave Unit C -Bldg 2",Aurora,CO,80011,US
Stephen Gould of Canada Inc.,,,"1 Germain Street, Suite 1500",Saint John,NB,E2L 4V1,CA
Stellar Print Solutions,,,2651 John St. Unit 6,Markham,ON,L3R 2W5,CA
St. Francis Xavier Catholic Secondary Sch,,,50 Bristol Road,Mississauga West,ON,L5R 3K3,CA
Stirling Print Solutions,,,"665 Tradewind Drive, Unit 9",Ancaster,ON,L9G 4V5,CA
St. Joseph Printing Limited,,,50 Macintosh Boulevard,Concord,ON,L4K 4P3,CA
St. Mathew'S Mar Thoma Church,,,156 Main Street North,Brampton,ON,L6V 1N9,CA
St.Mary & St. Abraam Coptic Orthodox Church,,,360 Westney Road South,Ajax,ON,L1S 6M7,CA
St. Mathew's Mar Thoma Church,,,9238 Regional Road # 25,Milton,ON,L9T 2X7,CA
STM Display Sales Inc.,,,2230 Meadowpine Blvd,Mississauga,ON,L5N 6H6,CA
STOUFFVILLE BREWING COMPANY,,,1802 SPRUCE HILL ROAD,PICKERING,ON,L1V 1S4,CA
Stoner Bunting,,,322 North Arch Street,Lancaster,PA,17603,US
Stoney Creek Graphics,,,"263 Barton Street East, Unit 2",Stoney Creek,ON,L8E 2K4,CA
Store to Your Door,,,65 Barderson rd.,Kleinburg,ON,,CA
St. Petersburg Magazine,,,120 Shelborne Ave. - Suite 1014,Toronto,ON,M6B 2M7,CA
Staples (# 314)  Powell River,,,4730 Joyce Avenue,Powell River,BC,V8A 3B6,CA
Strictly Addressing,,,"4-1025 Hargrieve Road,",London,ON,N6E 1P7,CA
Stratafly (DON'T USE-ENTER UNDER PROSPECT ),,,129 Spadina Ave.Suite 300,Toronto,ON,M5V 2L3,CA
Streamax Communications,,,144 Government Rd.,Toronto,ON,M8X 1W5,CA
Strategy Design Group,,,30 Harrison Garden Blvd.Suite 802,Toronto,ON,M2N 7A9,CA
Staples Richmond Hill,,,6 Staples Ave,Richmond Hill,ON,L4B 4W3,CA
Streamline Information Management,,,968 Albion RoadP.O.Box20057,Etobicoke,ON,M9V 1A0,CA
Strategic,,,12 Willow Wood Place,Sharon,ON,L0G 1V0,CA
Studio 101 Furniture Outlet,,,1Bass Pro Mills Drive - Unit 101,Vaughan,ON,L4K 5W4,CA
Studio 114 Inc.,,,6-457 Jevlan Drive,Woodbridge,ON,L4L 7Z9,CA
Studio Twenty Four Inc.,,,24 Hazelton Ave3Rd Floor @ Sarah H,Toronto,ON,M5R 2E2,CA
Style Beauty Salon,,,"4221 A, Samson (Coin-92nd Ave)",Laval,QC,H7W 2H9,CA
Style-Craft Printing Ltd,,,2815-12th Street NE,Calgary,AB,T2E 7J2,CA
Stylus Marketing,,,209-345 Lakeshore Rd. E,Oakville,ON,L6J 1J5,CA
Styles Q Marketing & Promotions,,,27 Pinecone Circle,Concord,ON,L4K 5K5,CA
Success And Personality ( Don't Use),,,41 Devins Dr,Aurora,ON,L4G 2Z3,CA
Sudbury Wolves Hockey Club Ltd.,,,240 Elgin St. P.O Bag 4100,Sudbury,ON,P3E 3N6,CA
Sukh Sports Ltd,,,21 Red Sky Lane NE,Calgary,AB,,CA
Summer Fun  Guide,,,946 Lawrence Ave E,Toronto,ON,M3C 3S7,CA
SunMar Corp.,,,5370 South Service Rd.,Burlington,ON,L7L 5L1,CA
Sunset Cruises,,,PO Box 2312,Bracebridge,ON,P1L 1W2,CA
Sunrise Printing,,,110 Denison Street # 10,Markham,ON,L3R 1B6,CA
Sunview Press,,,"7725 Birchmount Rd,",Markham,ON,L3R 9X3,CA
Suppliers And Contacts,,,127 - 14845 - Yonge Street,Aurora,ON,L4G 6H8,CA
Supply & Demand,,,"388 Carlaw Avenue, Suite 200",Toronto,ON,M4M 2T4,CA
Superior Printing & Litho Inc.,,,"255 Spinnaker Way, Unit 1",Vaughan,ON,L4K 4J1,CA
Supremex,,,400 Humberline Drive,Etobicoke,ON,M9W 5T3,CA
Superior Graphics,,,400 Creditstone Road Unit 13,Vaughan,ON,L4K 3Z3,CA
Superscan Limited,,,24 Viceroy Road,Concord,ON,L4K 2L9,CA
Superscope Media Inc,,,1262 Don Mills Road,Toronto,ON,M3B2W7,CA
Super Printers,,,8185 Main Street #102,Vancouver,BC,V5X 3L2,CA
Supreme Printing.(A Division Of Supreme,,,310 Henderson Drive,Regina,SK,S4N 5W7,CA
Sure Print & Design,,,"110 West Beaver Creek, Unit 18",Richmond Hill,ON,L4B 1J9,CA
Surgo Surgical Supplies,,,1-205 Pony Drive,Newmarket,ON,L3Y 7B5,CA
Susan K.Bailey Marketing & Design,,,P.O. Box 25009,Belleville,ON,K8P 5E0,CA
SVP CANADA INC.,,,3781 VICTORIA PARK AVE. UNIT 7 & 8,TORONTO,ON,M1W 3K5,CA
SVS Marketing,,,15 Densley Ave.,Toronto,ON,M6M 2P5,CA
Swan Printing & Lithograph Ltd.,,,"95-97 Norfinch Drive,",Toronto,ON,M3N 1W8,CA
Sweet Print Inc.,,,4345 Steeles Ave. West,Toronto,ON,m3n 1v7,CA
Sweet World Media,,,"24 Toronto St. N. , Unit 4",Uxbridge,ON,L9P 1E6,CA
Syrinx Concerts,,,135 Arlington Ave.,Toronto,ON,M6C 2T9,CA
T2 Lounge,,,177 Whitmore Road,Woodbridge,ON,L4L 6A7,CA
Tackle Graphics,,,6024 Camgreen Circle,Mississauga,ON,L5N 4M8,CA
Talbot Marketing Inc.,,,383 Sovereign Road,London,ON,N6M 1A3,CA
Tango Creative Group,,,"1880 Assumption St., Suite 300",Windsor,ON,N8Y 1C4,CA
Tanzan Graphics,,,8 McCandless Court,Caledon,ON,L7C 3R7,CA
Target Marketig & Communications,,,90 Water Street,St. Johns,NL,A1C 1A4,CA
Target Print Inc.,,,323 Don Park Road,Markham,ON,L3R 1C2,CA
Taylor Demers Mail Processing Inc.,,,30 Rolark Drive,Toronto,ON,M1R 4G2,CA
Taylor Publishing Group,,,268-44 Crawford Crescent,Cambellville,ON,L0P 1B0,CA
TB5 DESIGN,,,6 Edmonton street,Brampton,ON,L6Y 5K9,CA
T Box Studio Inc.,,,"24 Ronson Drive, Unit 1",Etobicoke,ON,M9W 1B4,CA
TCP Integrated Marketing Inc.,,,"515 CONSUMERS ROAD, SUITE 304",TORONTO,ON,M2J 4Z2,CA
TDC Laser Service Inc.,,,75 Superior Blvd,Mississauga,ON,L5T 2X9,CA
TD Images Inc.,,,136 Winges Road,Woodbridge,ON,L4L 6C4,CA
Tealish Inc.,,,367 Roncesvalles Ave,Toronto,ON,M6R 2M8,CA
Technigrafix,,,951 Fernandez Drive,Missisauga,ON,L5V 1X3,CA
Teether Pals,,,1789 Shady brook Drive,Pickering,ON,L1V 3A6,CA
TESOC Multicultural Settlement and Community Services,,,"1160 Birchmount Road, Unit 1A",Scarborough,ON,M1P 2B8,CA
TF Graphics,,,17 Mcnab Avenue,Peterborough,ON,K9L 1V2,CA
The Art Design Group Inc. / My Fast Print,,,118 East 28th St. 704,New York,NY,10016,US
The Canadian Bazaar,,,B902-230 Woolner Avenue,Toronto,ON,M6N 1Y7,CA
Corporation of the City of Brantford,,,"1 Market Square, Suite 120",Brantford,ON,N3T 5R7,CA
The Crossway Ministries,,,28 Pictorial Street,Toronto,ON,M1C 4J5,CA
The Dental Laboratory,,,50 Ritin lane Unit 24,Concord,ON,L4K 4C9,CA
The 5 Fifty 5 Shop / Hosp. for sick children,,,555 University Avenue,Toronto,ON,M5G 1X8,CA
The AdMill Group,,,625 Hood Road,Markham,ON,L3R 4N6,CA
The Aries Group,,,303 Bering Avenue,Etobicoke,ON,M8Z 3A5,CA
The Assoc. of the families of PS752 victims,,,45 Wellington street East,Aurora,ON,L4G1H6,CA
The Aurora Banner and Newmarket ERA,,,580B Steven Court,Newmarket,ON,L3Y 4C3,CA
The Aylmer Express Ltd.,,,390 Talbot Street East,Aylmer,ON,N5H 2R9,CA
The Bahai Community,,,7200 Leslie St.,Thornhill,ON,L3T 6L8,CA
The Bible Magazine,,,1210 Colborne St. West,Brantford,ON,N3T 5L7,CA
The Bramalea Rangers Club,,,185 Advance Blvd,Brampton,ON,L6T 4H9,CA
The Bus and Boat Company,,,274 Unwin Ave,Toronto,ON,M5A 1A3,CA
The Capital Group Ins. Inc.,,,14-3650 Langstaff Rd.,Woodbridge,ON,L4L 9A8,CA
The Creative Desk,,,44 Marilyn Place,Woodbridge,ON,L4L 2C3,CA
The City Of Barrie,,,70 Collier Street,Barrie,ON,L4M 4T5,CA
The Caldwell Partners International,,,165 Avenue Road,Toronto,ON,M5R 3S4,CA
The Community Link,,,79 Baycrest Avenue,Toronto,ON,M6A 1W2,CA
The Cornell Crier News Magazine,,,610 Bullock Dr.,Markham,ON,L3R 0G1,CA
The Creative Suite,,,800 Oxbow Park Drive,Wasaga Beach,ON,L9Z 2V1,CA
The Custom Group Inc.,,,18 Highland Road,Westport,CT,06880,US
Data Communications Management Corp.,,,9195 Torbram Road,Brampton,ON,L6S 6H2,CA
The Design Circle Inc.,,,1355 Silver Spear Road,Mississauga,ON,L4Y 2W9,CA
The Essential Image,,,# 2 - 190 Washburn Drive,Kitchener,ON,N2R 1S2,CA
The Esprit Orchestra,,,1174 Spadina Avenue,Toronto,ON,M5T 2C2,CA
The Foundry,,,2725 Abruzzo Drive,Apex,NC,27502,US
The Frog Prints,,,427 First Street,Shallow Lake,ON,N0H 2K0,CA
The Fsa Group,,,1351 Rodick Road,Markham,ON,L3R 5K4,CA
The Gas Company Inc.,,,22 Ripley Avenue,Toronto,ON,M6S 3N9,CA
THE GRACE ASSEMBLY OF DURHAM,,,45 Woodstone Place,Whitby,ON,L1R 1S8,CA
The Helicopter Group,,,200 West Beaver Creek Road,Richmond Hill,ON,L4B 1B4,CA
The Idea Works,,,5227 Fifth Avenue,Koppel,PA,16136,US
The Incredible Printing Group Of Co,,,30 St. Regis Cr. North,North York,ON,M3J 1Z2,CA
The Independent & Free Press (Metroland),,,280 Guelph Street Unit 77,Georgetown,ON,L7G 4B1,CA
The Jewish Global,,,800 Steeles Ave. w. Unit B10-127,Thornhill,ON,L4J 7L2,CA
The Printing Klub,,,1-1600 Aimco Blvd.,Mississauga,ON,L4W 1V1,CA
The Lakeview Restaurant,,,1132 Dundas Street west,Toronto,ON,M6J-1X2,CA
The Licesquad Inc.,,,109 Everton Dr.,Gilford,ON,L0L 1R0,CA
The Lowe-Martin Group,,,400 Hunt Club Road,Ottawa,ON,K1V 1C1,CA
The Money & Mortgage Magazine,,,204-5000 Dufferin Street,Toronto,ON,M3H 5T5,CA
The Naka Press Limited,,,7453 Victoria Park Ave.,Markham,ON,L3R 2Y7,CA
The Niagara Parks Commission,,,"P.O. Box 150, 7400 Portage Road,",Niagara Falls,ON,L2E 6T2,CA
The Corporation Of The City Of Oshawa,,,50 Centre Street South,Oshawa,ON,L1H 3Z7,CA
The Print Group,,,295 MacNab Street North,Hamilton,ON,,CA
The Postmedia,,,1101 Baxter Rd,Ottawa,ON,K2C 3M4,CA
Thermo Press,,,"80 Dynamic Drive,",Scarborough,ON,M1V 5A5,CA
The Printing Team,,,1255 Crestlawn Drive,Mississauga,ON,L4W 1A9,CA
THE RUTHERFORD SCHOOL,,,37 JACOB KEFFER PRKWY,VAUGHAN,ON,L4K 5N8,CA
The Regional Municipality of Durham,,,605 Rossland Road E.,Whitby,ON,L1N 6A3,CA
The Right Way Building Maintenance Inc.,,,1995 Weston Road,Toronto,ON,M9N 1X2,CA
The Silver Sign,,,"10 Planchet Rd, Unit 2",Concord,ON,L4K 2C8,CA
The Standard Press,,,"68 Higgins Ave.,",Winnipeg,MB,R3B 0A5,CA
The Technology Centre,,,954 First Avenue West,Owen Sound,ON,N4K 5N4,CA
The Toronto Cheder,,,475 Patricia Ave.,North York,ON,M2R 2N1,CA
The Ultimate Printing Company Inc.,,,"100 University Ave., Suite 103",Toronto,ON,M5J 1V6,CA
"The UPS Store, Bradford",,,5-450 Holland Street W.,Bradford,ON,L3Z 0J4,CA
THE HEIDI BRYANS NETWORK INC.,,,"76 Colonel Bertram Road,",Brampton,ON,L6Z 4T6,CA
Think Media Solutions,,,27 Northcrest Dr.,London,ON,N5X 4P4,CA
The Initials Company,,,5430 Timberlea Blvd. Unit 2,Mississauga,ON,L4W 2T7,CA
The Inspired Turtle,,,68-661 Childs Drive,Milton,ON,L9T 3V7,CA
Thistle Printing,,,180 Bond Avenue,Toronto,ON,M3B 3P3,CA
Think Thirty Three Inc.,,,125 Codsell Avenue,Toronto,ON,M3H 3W3,CA
Think Tree Inc.,,,4080 Living Arts Drive,Mississauga,ON,L5B 4N3,CA
The Last Detail Home Staging,,,1194A Caledonia Rd,Toronto,ON,,CA
THN Media,,,2187 Dunwin Drive,Mississauga,ON,L5L 1X2,CA
Thorogood Communications Inc.,,,178 Courcelette Road,Toronto,ON,M1N 2T2,CA
The Print House,,,290 Rowntree drive,Hamilton,ON,L8W 2P1,CA
The Reality Life Magazine,,,102 Glenforest Dr.,Thornhill,ON,L4J 8K4,CA
Thumbnail Graphics Inc.,,,19 Barlow Road,Scarborough,ON,M1G 2B5,CA
Thunderbird Printing Services,,,7 - 124 Clarke Road,London,ON,N5W 5E1,CA
TiK ToK Print & Design,,,1 - 130 Lancing Drive,Hamilton,ON,L8W 3A1,CA
Times Star Publishing Ltd.,,,414 Main St. Geraldton,Geraldton,ON,P0T 1M0,CA
Tirgan Festival,,,"Suite 802 , 7191 Yonge Street",Thornhill,ON,L3T 0C4,CA
Tmk Production,,,174 Spadina Avenue,Toronto,ON,M5T 2C2,CA
Tmp Image Printing,,,5-50 Roy Blvd.,BRANTFORD,ON,N3R 7K2,CA
TMRRW INC.,,,"140 Christina Street N,",Sarnia,ON,N0N 1C0,CA
TNT SERVICES PLUS,,,218 Lockhart Road,Barrie,ON,L4N 9G8,CA
Toa Expressions,,,172 Argyle Street North,Caledonia,ON,N3W 2J7,CA
Tobermory Press Inc.,,,39 Legion St.,Tobermory,ON,N0H 2R0,CA
Toni's Packaging Supplies Ltd,,,482 Millway Ave.,Concord,ON,L4L 3V5,CA
Top Impressions,,,"401 Magnetic Drive, Unit 37",Toronto,ON,M3J 3H9,CA
Toronto Advertising,,,2175 Victoria Park Ave  ste 204,Scarbrough,ON,M1R 1V6,CA
Toronto City Church,,,36 Curity Avenue,Toronto,ON,M4B 0A2,CA
Torstar Corporation,,,175 Gordon baker Road,Toronto,ON,M2H 0A2,CA
Toronto Genuine Outlet Inc.,,,"208-8108 Yonge Street,",Thornhill,ON,L4J IW4,CA
Toronto Litho Art Ltd,,,2275 Markham Road,Toronto,ON,M1B 2W3,CA
Toronto Print Solutions Inc.,,,40 Horner Ave.,Toronto,ON,M8Z 4X3,CA
Torbaypalumbi Strategic Marketing Inc.747 2N,,,747 2Nd Ave East,Owen Sound,ON,N4K 2G9,CA
Total Concept Group,,,954 Lakeshore Road,Selkirk,ON,N0A 1P0,CA
Total Sports,,,"6002 8 th line,",Egbert,ON,L0T 1N0,CA
City of Greater Sudbury,,,200 Brady St,Sudbury,ON,P3A 5P3,CA
Touchgate Global Inc.,,,1603-10 Tangreen Court,Toronto,ON,M2M 4B9,CA
Tourism North Bay,,,"205 Main Street East,",North Bay,ON,P1B 1B2,CA
Tourism Sault Ste. Marie,,,3-99 Foster Drive,Sault Ste. Marie,ON,P6A 5X6,CA
Touch Up Express Systems Ltd,,,724 Woodbridge Ave.,Woodbridge,ON,L4L 2V1,CA
Township of Chapleau,,,20 Pine Street West,Chapleau,ON,P0M 1K0,CA
Town of Newmarket,,,395 Mulock Drive,Newmarket,ON,L3Y 4X7,CA
Town Press,,,4 Terrington Court,Toronto,ON,M3B 2K1,CA
TPG International,,,62 Hiawatha Dr,Port Sydney,ON,P0B 1L0,CA
The Princeton Review,,,"1255 Bay Street ,Suite 550",Toronto,ON,M5R 2A9,CA
Trans Arya Inc.,,,"8600 Keele St, Unit 29",Concord,ON,L4K 4H8,CA
Trader'S Forum,,,96 Bradwick Drive,Concord,ON,L4K 1K8,CA
Track21 Graphix Inc.,,,319 Main Street,Exeter,ON,N0M 1S1,CA
Trans Ontario,,,3555 Mcnicoll Ave,Scarborough,ON,M1V 5M9,CA
Transcontinental Printing Inc.,,,Transcontinental Aurora,Aurora,ON,L4C 6J9,CA
Trade Mark Signs Inc.,,,391 Edgely Blvd.Unit 9,Concord,ON,L4K 4A7,CA
Travelance,,,45 O'Connor Street,Ottawa,ON,K1P 1A4,CA
TRENDSIGNS,,,"2001 Albion Road, Unit 17 - 20",Etobicoke,ON,M9W 6V6,CA
Trident Brands Inc.,,,101-200 Brookfield,Stratford,WI,53005,US
Tripp Creative  Inc.,,,,Port Perry,ON,L9L 1B2,CA
Tricom Graphics Inc.,,,2900 John Street,Markham,ON,L3R 5G3,CA
Tristone Media Group,,,196 Berkeley Street,Tornoto,ON,M5A 2X4,CA
Trillium Sales Group,,,77 Martin Ross Ave.,Toronto,ON,M3J 2L5,CA
Tristate Graphics,,,3061 Westgate Parkway,Dothan,AL,36303,US
Trodat Marking Canada Inc.,,,1705Argentia Road,Mississauga,ON,L5N 3A9,CA
Truckers Assist,,,"555 Dixon Road, Suite 101",Toronto,ON,M9W 1H8,CA
Trucking Network,,,6767 Invader Cres.,MISSISSAUGA,ON,L5T 2B7,CA
True North Networking,,,592 Sheppard Ave. West,Toronto,ON,M3H 6A7,CA
Truck 'N' Roll Magazine,,,450 Kincora Glen Road NW,Calgary,AB,T3R 1S2,CA
Truax Printing Inc.,,,425 East Haskell Street,Loudonville,OH,44842,US
Tryad Publishing Inc.,,,5 Limeridge Street,Aurora,ON,L4G 7S5,CA
TS Imaging Inc.,,,"29 Fima Crescent,",Toronto,ON,M8W 3R1,CA
T&T Seeds Ltd.,,,7724 Roblin Blvd.,Headingley,MB,,CA
Turn Key Marketing Solutions Inc.,,,154 Dundas Street East,Toronto,ON,L9H 7K7,CA
Turf Management Systems Inc.,,,1645 Finfar Court,Mississauga,ON,L5J 4K1,CA
Turn-key Merchandising Solutions Inc.,,,2600 Drew Road,Mississauga,ON,L4T 3M5,CA
TVA Publications Inc,,,Attn Accounts Payable - PIN 114,Montreal,QC,H2L 4P2,CA
TWI Foods Inc.,,,40 Shaft Road,Etobicoke,ON,M9W 4M2,CA
TwinPro Graphics Inc.,,,31 Enterprise Rd.,Toronto,ON,M9W1C4,CA
Type & Graphics Inc.,,,C2-430 Signet Dr.,Toronto,ON,M9L 2T6,CA
Typrographics,,,105 Gates Road,Vaughan,ON,L4L 8R8,CA
UIMC  Russian Monthly Magazine,,,77 King Street West,Toronto,ON,M5K 1P2,CA
UMI Marketing Limited,,,"400 Applewood Crescent, Suite 100",Vaughan,ON,L4K 0C3,CA
Unicorn Graphics,,,"971 Stewart Ave.,",Garden City,NY,11530,US
Unison Health And Community Services,,,5987 Bathurst St.,Toronto,ON,M2R 1Z3,CA
University of Windsor,,,688 University Ave. W,Windsor,ON,N9A 5R5,CA
Uniline Promo,,,8481 Keele Street,Concord,ON,L4K 1Z7,CA
University Of Regina,,,College West Bldg.Room No 146,Regina,SK,S4S 0A2,CA
Universal Printing & Bindery Ltd.,,,103-720 Copping Street,North Vancouver,BC,V7M 3G6,CA
Universal Printers Inc.,,,1533 Industrial Road,Cambridge,ON,N3H 5G7,CA
University Of Waterloo,,,200 University Avenue West,Waterloo,ON,N2L 3G1,CA
Unleash Graphic Design,,,PH4-541 Blackthorn Ave,Toronto,ON,M6M 5A6,CA
The UPS store#103,,,1326 Huron St,London,ON,N5V 2E2,CA
Upper Canada Signs & Graphics,,,1208 Gorham St,New Market,ON,L3Y 8Y9,CA
Upper Canada  Press,,,4219 County Road 11,Chesterville,ON,K0C 1H0,CA
The Ups Store # 10,,,2255B Queen St E,Toronto,ON,M4E 1G3,CA
The Ups Store # 111,,,4305 Fairview Steet,Burlington,ON,L7L 6E8,CA
The Ups Store # 21,,,16715 Yonge Street,Newmarket,ON,L3X 1X4,CA
The Ups Store # 25  Ottawa,,,99-1568 Merivale Rd,Ottawa,ON,K2G 5Y7,CA
The Ups Store 328,,,5-3024 Hurontario Street,Mississauga,ON,L5B 4P4,CA
The Ups Store #455,,,7-8362 Woodbine Ave,Markham,ON,L3R 2M6,CA
The Ups Store (Aurora),,,14845-6 Yonge St.,Aurora,ON,L4G 6H8,CA
The Ups Store # 3,,,3-1750 The Queensway,Etobicoke,ON,M9C 5H5,CA
The Ups Store (Rutherford),,,13-3120 Rutherford Rd,Vaughan,ON,L4K 0B2,CA
The Ups Store  (Woodbridge),,,14-3650 Langstaff Rd.,Woodbridge,ON,L4L 9A8,CA
Uptown Investments Inc.,,,5 Meadowcliffe Ave.,Richmondhill,ON,L4B 3E7,CA
Uptown Printing,,,220 Erb Street East,Waterloo,ON,N2J 1M6,CA
Urban Inc.,,,274 Unwin Ave.,Toronto,ON,M5A 1A3,CA
Uzcan Business Inc.,,,2727 Steeles Ave West # 307,Toronto,ON,M3J 3G9,CA
Valu Added Promotions Inc.,,,"2171 Avenue Road, Suite 100",Toronto,ON,M5M 4B4,CA
Valet Printing,,,1 Promenade Circle,Thornhill,ON,L4J 8G7,CA
VALPAU Promotional Inc.,,,"Calle Colinas #93, Urb. santa paula",Guaynabo,PR,00969,US
Valley Printing And Promotions,,,"4 Michael Street, Spring Valley",New York,NY,10977,US
Vanmax Designs,,,15 Proctor Gate,Tottenham,ON,L0G 1W0,CA
VanIsle Printworks 21 Inc.,,,911 Dawn Lane,Victoria,BC,,CA
Vaughan Print And Copy,,,"14 Essex Avenue, Unit 32",Thornhill,ON,L3T 3Z1,CA
Veda Graphics Design And Print,,,46 Langholm Drive,Toronto,ON,M3M 2R8,CA
Veggie Flames Inc.,,,7210 Airport Road,Mississauga,ON,L4T 2H3,CA
Veiomedia inc.,,,"2 Toronto Street, Suite 419",Toronto,ON,M5C 2B5,CA
Veionot'S Print Ltd.,,,4036 Hwy 3,Liverpool,NS,B0T 1K0,CA
Venus Concept,,,"255 Consumers Road, Suite 110",Toronto,ON,M2J 1R4,CA
Venue Source,,,3075 14 Th Avenue,Markham,ON,L3R 0G9,CA
Versa Graphics Inc.,,,5080 Timberlea Blvd. Unit 47,Mississauga,ON,L4W 4M2,CA
Veradek Inc.,,,211 Bowes Road,Concord,ON,L4K 1H8,CA
VERTIGO PRINTING INC.,,,"4300 Drummond Road, Unit 206",Niagra Falls,ON,L2E 6C3,CA
Vhaz LLC,,,18 Windermere,Lakewood,NJ,08701,US
Vicinity Source,,,145 Prospect Street,Newmarket,ON,L3Y 3T3,CA
Viethomes Magazine,,,205 - 5805 Whittle Road,Mississauga,ON,L4Z 2J1,CA
"Village Printing, Inc",,,349 McCormick Dr,Lapeer,MI,48446,US
The Vincent Press,,,708 Rye Street,Peterborough,ON,K9J 6W9,CA
Violet Merchandishing Inc.,,,505 Hwy. 7 East Suite 321,Markham,ON,L3T 7P1,CA
Vision Print,,,7025 Tomken Road Unit 14,Mississauga,ON,L5S 1R6,CA
VIPX,,,33 Winisk St,Richmond Hill,ON,L4E 0L5,CA
Virad,,,"408 - 11 Dervock Cres,",Toronto,ON,M2K 1A6,CA
Virastaika,,,4233 County Road 27,Cookstown,ON,L0L 1L0,CA
Virtual Sprint Inc.,,,2001 West Parkes Drive,Broadview,IL,60155,US
Visual Concepts,,,9-5456 Tomken Road,Mississauga,ON,L4W 2Z5,CA
Vision Design & Advertising,,,8 Cushendale Drive,Toronto,ON,M2M 2A5,CA
Visit Duluth,,,21 West Superior St.,DULUTH,MN,55802,US
Visual One Studios,,,3381 Nighthawk Trail,Mississauga,ON,L5N 6G5,CA
Visual Solutions,,,85 Valleymede Drive,Richmond Hill,ON,L4B 1T5,CA
Vistek,,,496 Queen Street East,Toronto,ON,M5A 4G8,CA
Vitality Depot,,,"40 Viceroy Road, Unit 1",Concord,ON,L4K 2L8,CA
Viva Healthcare Packaging (Canada) Ltd.,,,1663 Neilson Road,Toronto,ON,M1X 1T1,CA
VIVAM LTD.,,,22 Millsborough Cres.,Toronto,ON,M9C 5E8,CA
VPRINTS,,,4251 Lingfield Crest,Mississauga,ON,L4W 3M3,CA
VR Logistics,,,,,ON,,CA
VS Group,,,229-101 Worthington St. E,North Bay,ON,P1B 1G5,CA
VTO CONSULTING,,,"400 Applewood Crescent, suite 100",Vaughan,ON,L4K 0C3,CA
V.T. Print Solution,,,46 Sycamore Dr.,Thornhill,ON,L3T 5V6,CA
Vtraks Marketing,,,210-5800 Ambler Drive,Mississauga,ON,L4W 4J4,CA
V & W Printers,,,220 Industrial Pkwy. South,Aurora,ON,L4G 3V6,CA
Watermark Communications,,,1 Short Street,Freelton,ON,L8B 0Z4,CA
Waterfront Media Group,,,20 Bay St. Suite 1100,Toronto,ON,M5J 2N8,CA
Hometech Industries DBA Watertech,,,2507 Plymouth Rd,Johnson City,TN,37601,US
Watermark Graphics,,,11-1950 Merivale Road,Ottawa,ON,K2G 5T5,CA
Waterside Media Group,,,1207 homewood dr,Burlington,ON,,CA
Watno Paar Punjabi Inc.,,,7071 Airport Road # 212,Mississauga,ON,L4T 4J3,CA
Watermark Printing Services,,,3000 Development Drive,Brockville,ON,K6V 6E6,CA
Waughtertite,,,"63 Stephana St., Box159",NEUSTADT,ON,N0G 2M0,CA
Webbstock Marketing Ltd.,,,"2812 Furniss Crescent,",Brechin,ON,L0K 1B0,CA
Webnews Printing Inc.,,,8 High Meadow Place,North York,ON,M9L 2Z5,CA
WeConnect Community Services,,,"7071 Airport Road, Suite 204A",Mississauga,ON,L4T 4J3,CA
Weco Print & Digital Solutions Inc.,,,5-6660 Kennedy Road,Mississauga,ON,L5T 2M9,CA
We Design,,,"393  Water St, studio 16 ,2nd Floor",Peterborough,ON,K9H 3L7,CA
Well And Good,,,146 Brock Ave. Studio 302,Toronto,ON,M6K 2L4,CA
Welch,,,207-101 Kathleen Street,Whitby,ON,L1N 6P8,CA
Wellington Printworks Inc.,,,"160 MATHESON BLVD. EAST, UNIT #8",Mississauga,ON,L4Z 1V4,CA
Welch & Quest Ltd,,,303 Bering  Avenue,Toronto,ON,M8Z 3A5,CA
We Market All,,,14-30 Egliton Ave. West,Mississauga,ON,L5R 0C1,CA
Westkey Graphics Ltd.,,,8315 Riverbend Court,Burnaby,BC,V3N 5E7,CA
Westcap,,,"830, 410 22nd St. E.,",Saskatoon,SK,S7K 5T6,CA
West Track,,,235 Saint Marks Road,Toronto,ON,M6S 2J1,CA
West Vinci,,,200 Yorkland Blvd. Suite 600,North York,ON,M2J 5C1,CA
What To Do,,,707 Finch Ave West,Toronto,ON,M3H 4X5,CA
WHEELER'S PRINTING & COPYING,,,1685 WINDSOR AVE,WINDSOR,ON,N8X 3M5,CA
Whistle Bear Campground,,,1912 Whistle Bear Rd,Cambridge,ON,N1R 5S3,CA
Whiteboard Studio,,,8-9251 Younge St,Richmond Hill,ON,L4C 9T3,CA
Wide Eyed Communications,,,30 Hatt St.,Dundas,ON,L4H 2E8,CA
Wightman,,,100 Elora St N,Clifford,ON,N0G 1M0,CA
Wilson'S Clinton Commercial Printing,,,Box 419 56,Clinton,ON,NOM 1L0,CA
William Douglas Creative Group,,,17-7000 Mcleod Rd. Suite 138,Niagara Falls,ON,L2G 7K3,CA
Willowdale Federal Liberal Riding Association,,,17 Church Avenue,Toronto,ON,M2N 4E7,CA
Wilts International Communications Ltd.,,,31 Hwy 12,Sunderland,ON,L0C 1H0,CA
Wilkinson Media Limited,,,538 Elizabeth Street,Midland,ON,L4R 2A3,CA
Willow Printing Group Ltd,,,90 EDILCAN DR.,CONCORD,ON,,CA
Wintertickle Press,,,"132 Commerce Park Dr, Unit K,Sui",Barrie,ON,L4N 0Z7,CA
Witty Signs,,,11 Leparc Road,Brampton,ON,L6P 1X9,CA
W.M.Graphics Div. Of 2300739 Ont Inc,,,513 Bristol Road,Newmarket,ON,L3Y 6T4,CA
Woodland Associates,,,"2370 Meadowvale Blvd, Unit 6",Mississauga,ON,L5N 0H1,CA
Worknturn Inc.,,,300 Knightsbridge Pkwy. Suite 160,Lincolnshire,IL,60069,US
World On Yonge Sign & Print Ltd.,,,7181 Yonge Street Unit 171,Thornhill,ON,L3T 0C7,CA
Worksite Safety,,,57 bittern street Unit 4B,Ancaster,ON,L9G4V5,CA
WSP International,,,350 Esna Park Drive,Markham,ON,L3R 1H5,CA
"Wyoming Dept, of Transportation",,,,Cheyenne,WY,82009,US
Wysp Creative,,,1485 Dupont St,Toronto,ON,M6P 3S2,CA
Xcel Fitness,,,579B Lakeshore Road East,Mississauga,ON,L5G 1H9,CA
Xerox Canada Ltd.,,,P.O Box 1560,New York,NY,14580,US
"X Press Printing Services, Inc.",,,4405 Glenbrook Road,Willoughby,OH,44094,US
YD Media,,,111 Bedale Crescent,Markham,ON,L3R 3N9,CA
YJ Graphix,,,Newmarket South PO Box 71053,Newmarket,ON,L3X 1Y8,CA
YMCA of Simcoe/Muskoka,,,22 Grove Street West,Barrie,ON,L4N 1M7,CA
YM Inc,,,"130 Orfus Rd ,Suite 201 (2nd floor)",Toronto,ON,M6A 1L9,CA
YNR Marketing,,,Box 7735,Laguna Niguel,CA,92607,US
York Media Group,,,7711 Yonge Street,Thornhill,ON,L3T 2C4,CA
York Region Printing (Metroland Media Cre,,,580B Steven Court,Newmarket,ON,L3Y 6Z2,CA
Your Home Development (Howden Woods),,,4965 Steeles Ave. West,Toronto,ON,,CA
Your Passion On Paper,,,"2381 Marine Drive, Unit 103",Oakville,ON,L6L 1C5,CA
Your Printing Matters,,,P.O.Box 386,Gormley,ON,L0H 1G0,CA
Yoyo'S Yogurt Cafe,,,515 Richmond Street,London,ON,N6A 5N4,CA
York Region District School Board,,,60 Wellington St. W,Aurora,ON,L4G 3H2,CA
YYZ Artists' Outlet,,,140 - 401 Richmond St W,Toronto,ON,M5V 3A8,CA
YYZ Print,,,407-1944 Yonge Street,Toronto,ON,M4S 3E5,CA
YYZ Tavel Group,,,"7851 Dufferin Street,Suite 100",Thornhill,ON,L4J 3M4,CA
ZAG Print & Publishing,,,1963 Winslow Crescent,Bright's Grove,ON,N0N 1C0,CA
Zalabya Inc.,,,3700 Eglinton ave west Unit 26,Mississagua,ON,L5M2R9,CA
ZA Rulem Canada,,,131 Black Hawkway,North York,ON,M2R 3L7,CA
Zebra Paper,,,5130 Creekbank Road,Mississauga,ON,L4W 2G2,CA
ZED INVESTMENTS,,,48 Venice Gate Drive,Woodbridge,ON,L4H 0E7,CA
Zeenine Printing,,,1913-3590 Kaneff Cres.,Mississauga,ON,L5A 3X3,CA
Zen Group Inc.,,,100 Arbors Lane Unit A,Woodbridge,ON,L4L7G4,CA
Zing Media Inc.,,,70 Unsworth Drive,Hamilton,ON,L8W 3K4,CA
Zippy Print,,,41 Adelaide St. N.,London,ON,N6B 3P4,CA
Zone Bollywood Inc.,,,135 Willowpark Drive,Brampton,ON,L6R 2N3,CA
